-- MySQL dump 10.13  Distrib 8.3.0, for Linux (x86_64)
--
-- Host: localhost    Database: Andy
-- ------------------------------------------------------
-- Server version	8.3.0

/*!40101 SET @OLD_CHARACTER_SET_CLIENT=@@CHARACTER_SET_CLIENT */;
/*!40101 SET @OLD_CHARACTER_SET_RESULTS=@@CHARACTER_SET_RESULTS */;
/*!40101 SET @OLD_COLLATION_CONNECTION=@@COLLATION_CONNECTION */;
/*!50503 SET NAMES utf8mb4 */;
/*!40103 SET @OLD_TIME_ZONE=@@TIME_ZONE */;
/*!40103 SET TIME_ZONE='+00:00' */;
/*!40014 SET @OLD_UNIQUE_CHECKS=@@UNIQUE_CHECKS, UNIQUE_CHECKS=0 */;
/*!40014 SET @OLD_FOREIGN_KEY_CHECKS=@@FOREIGN_KEY_CHECKS, FOREIGN_KEY_CHECKS=0 */;
/*!40101 SET @OLD_SQL_MODE=@@SQL_MODE, SQL_MODE='NO_AUTO_VALUE_ON_ZERO' */;
/*!40111 SET @OLD_SQL_NOTES=@@SQL_NOTES, SQL_NOTES=0 */;

--
-- Table structure for table `category`
--

DROP TABLE IF EXISTS `category`;
/*!40101 SET @saved_cs_client     = @@character_set_client */;
/*!50503 SET character_set_client = utf8mb4 */;
CREATE TABLE `category` (
  `question_category_seq` int NOT NULL AUTO_INCREMENT,
  `question_category_name` varchar(50) NOT NULL,
  PRIMARY KEY (`question_category_seq`)
) ENGINE=InnoDB AUTO_INCREMENT=12 DEFAULT CHARSET=utf8mb4 COLLATE=utf8mb4_0900_ai_ci;
/*!40101 SET character_set_client = @saved_cs_client */;

--
-- Dumping data for table `category`
--

LOCK TABLES `category` WRITE;
/*!40000 ALTER TABLE `category` DISABLE KEYS */;
INSERT INTO `category` VALUES (1,'가구'),(7,'SSAFY'),(8,'동물원'),(9,'거실'),(10,'부엌'),(11,'옷');
/*!40000 ALTER TABLE `category` ENABLE KEYS */;
UNLOCK TABLES;

--
-- Table structure for table `child`
--

DROP TABLE IF EXISTS `child`;
/*!40101 SET @saved_cs_client     = @@character_set_client */;
/*!50503 SET character_set_client = utf8mb4 */;
CREATE TABLE `child` (
  `child_seq` int NOT NULL AUTO_INCREMENT,
  `child_name` varchar(10) NOT NULL COMMENT '곽창팔',
  `child_nickname` varchar(20) NOT NULL COMMENT '(2~20자)',
  `child_birthday` datetime NOT NULL COMMENT '2024-02-24',
  `child_gender` char(1) NOT NULL COMMENT 'F / M',
  `child_picture` varchar(255) NOT NULL DEFAULT 'default_image' COMMENT 'www.asrverv.com',
  `created_at` datetime NOT NULL,
  `updated_at` datetime NOT NULL,
  `is_deleted` tinyint NOT NULL,
  `parent_kakao_id` varchar(250) NOT NULL,
  PRIMARY KEY (`child_seq`)
) ENGINE=InnoDB AUTO_INCREMENT=131 DEFAULT CHARSET=utf8mb4 COLLATE=utf8mb4_0900_ai_ci;
/*!40101 SET character_set_client = @saved_cs_client */;

--
-- Dumping data for table `child`
--

LOCK TABLES `child` WRITE;
/*!40000 ALTER TABLE `child` DISABLE KEYS */;
INSERT INTO `child` VALUES (1,'길동','길동이야','2010-01-01 00:00:00','M','profile1.png','2024-03-15 15:38:11','2024-03-31 05:46:48',1,'3378155911'),(10,'김태수','태수','2024-03-13 00:00:00','M','https://s3.ap-northeast-2.amazonaws.com/andyimagebucket/profiles/%ED%85%8C%EC%8A%A4%ED%8A%B812024-03-22T02%3A15%3A15.223169902.jpg','2024-03-22 02:18:14','2024-03-22 02:18:14',0,'leeyj1624@naver.com'),(14,'김태수','태수','2024-03-05 00:00:00','M','https://s3.ap-northeast-2.amazonaws.com/andyimagebucket/profiles/%ED%85%8C%EC%8A%A4%ED%8A%B812024-03-22T03%3A01%3A05.144769187.jpg','2024-03-22 03:04:45','2024-03-22 03:04:45',0,'test'),(26,'박수민','민수','2023-04-21 00:00:00','F','https://s3.ap-northeast-2.amazonaws.com/andyimagebucket/profiles/IMG_89032024-03-22T05%3A21%3A06.447178831.jfif','2024-03-22 05:21:13','2024-03-22 05:21:13',0,'ㅠ'),(27,'김싸피','싸피','2024-03-20 00:00:00','M','https://s3.ap-northeast-2.amazonaws.com/andyimagebucket/profiles/IMG_89032024-03-22T05%3A33%3A10.549911597.jfif','2024-03-22 05:33:35','2024-03-22 05:33:35',0,'테스ㅡ트'),(30,'김예린','예린이','2012-01-23 00:00:00','F','picture_address','2024-03-22 17:32:27','2024-03-27 10:56:52',1,'3378155911'),(31,'박수민','수민','2023-04-21 00:00:00','F','https://s3.ap-northeast-2.amazonaws.com/andyimagebucket/profiles/image%20%281%292024-03-26T15%3A52%3A29.762687617.png','2024-03-22 09:00:49','2024-03-27 02:00:26',1,'3401478194'),(32,'현종2','현종2','2024-04-20 00:00:00','M','x','2024-03-24 23:51:12','2024-04-01 06:27:53',1,'3398190805'),(33,'김태수','태수','2023-03-04 00:00:00','M','https://s3.ap-northeast-2.amazonaws.com/andyimagebucket/profiles/Typescript2024-03-26T15%3A53%3A43.937114526.svg','2024-03-25 05:12:52','2024-03-30 06:14:30',1,'3401478194'),(34,'가나다라마바사아자차','dddddddddddddddddddd','2005-08-03 00:00:00','F','https://s3.ap-northeast-2.amazonaws.com/andyimagebucket/profiles/photo_22024-04-02T11%3A30%3A24.543838292.JPG','2024-03-25 05:20:32','2024-04-03 04:50:14',0,'3401478194'),(35,'김태수','김태수','2024-03-15 00:00:00','M','https://s3.ap-northeast-2.amazonaws.com/andyimagebucket/profiles/%EB%8B%A4%EC%9A%B4%EB%A1%9C%EB%93%9C2024-03-25T05%3A36%3A45.859156168.jpg','2024-03-25 05:36:52','2024-04-02 02:31:37',1,'3395770489'),(36,'김예린','예린이','2012-01-23 00:00:00','F','picture_address','2024-03-25 16:37:54','2024-03-27 01:59:48',1,'3378155911'),(37,'김아린','킹시킹시','2024-03-12 00:00:00','F','https://s3.ap-northeast-2.amazonaws.com/andyimagebucket/profiles/%EC%84%9C%EC%9A%B8_%EC%9D%B4%EB%8F%99%ED%9B%882024-04-03T00%3A08%3A16.992073821.jpg','2024-03-27 01:33:34','2024-04-03 00:08:18',0,'3401856056'),(38,'박수민','수민','2023-04-21 00:00:00','F','https://s3.ap-northeast-2.amazonaws.com/andyimagebucket/profiles/smile_stamp2024-03-27T04%3A59%3A14.630162694.png','2024-03-27 04:59:28','2024-03-27 05:02:23',1,'3401478194'),(39,'박수민','수민','2023-04-21 00:00:00','F','https://s3.ap-northeast-2.amazonaws.com/andyimagebucket/profiles/image%20%285%292024-03-27T05%3A02%3A34.582166173.png','2024-03-27 05:02:49','2024-03-27 05:06:01',1,'3401478194'),(40,'ㄴ','ㄴ','2024-03-01 00:00:00','F','https://s3.ap-northeast-2.amazonaws.com/andyimagebucket/profiles/image%20%285%292024-03-27T05%3A03%3A01.532874534.png','2024-03-27 05:03:05','2024-03-27 05:03:31',1,'3401478194'),(41,'ㅇ','ㅇ','2024-02-29 00:00:00','F','https://s3.ap-northeast-2.amazonaws.com/andyimagebucket/profiles/IMG_89032024-03-27T05%3A03%3A36.418455159.jfif','2024-03-27 05:03:40','2024-03-27 05:03:47',1,'3401478194'),(42,'ㅇ','ㅇ','2024-03-01 00:00:00','M','https://s3.ap-northeast-2.amazonaws.com/andyimagebucket/profiles/image%20%285%292024-03-27T05%3A04%3A26.317365865.png','2024-03-27 05:04:32','2024-03-27 05:04:39',1,'3401478194'),(43,'ㅇ','ㅇ','2024-03-02 00:00:00','F','','2024-03-27 05:04:56','2024-03-27 05:05:07',1,'3401478194'),(44,'ㅇ','ㅇ','2024-03-01 00:00:00','F','https://s3.ap-northeast-2.amazonaws.com/andyimagebucket/profiles/IMG_89032024-03-27T05%3A06%3A10.942477681.jfif','2024-03-27 05:06:13','2024-03-27 05:06:20',1,'3401478194'),(45,'ㅇ','ㅇ','2024-03-02 00:00:00','F','https://s3.ap-northeast-2.amazonaws.com/andyimagebucket/profiles/image%20%285%292024-03-27T05%3A07%3A54.450978537.png','2024-03-27 05:07:58','2024-03-27 05:08:07',1,'3401478194'),(46,'김앤디','김앤디','2024-03-13 00:00:00','F','','2024-03-27 06:47:25','2024-04-02 02:31:40',1,'3395770489'),(47,'박민수','만세','2024-03-03 00:00:00','M','','2024-03-28 00:56:48','2024-03-28 00:57:15',1,'3410763279'),(48,'테스트','뎃카이','2024-03-22 00:00:00','M','','2024-03-28 01:01:50','2024-04-03 00:08:03',1,'3401856056'),(49,'이윤정ㅁㄴㅇ','ㅁㄴㅇ','2024-03-18 00:00:00','F','data:image/gif;base64,R0lGODlhAQABAAD/ACwAAAAAAQABAAACADs=','2024-03-28 01:04:00','2024-04-03 00:08:05',1,'3401856056'),(50,'ㅇㄹ','ㅇㄹ','2024-02-29 00:00:00','','','2024-03-28 07:32:12','2024-03-28 07:32:17',1,'3378155911'),(51,'박수민','스펀지밥','2023-09-05 00:00:00','F','https://s3.ap-northeast-2.amazonaws.com/andyimagebucket/profiles/20240330_2030092024-04-01T08%3A31%3A59.268203222.jpg','2024-03-29 02:14:18','2024-04-01 08:32:01',0,'3410763279'),(52,'박수민','민수','2023-04-21 00:00:00','F','https://s3.ap-northeast-2.amazonaws.com/andyimagebucket/profiles/image%20%285%292024-03-29T06%3A01%3A57.318594319.png','2024-03-29 06:02:11','2024-03-29 07:51:17',1,'3401478194'),(53,'유현종','현종','2023-07-29 00:00:00','M','https://s3.ap-northeast-2.amazonaws.com/andyimagebucket/profiles/IMG_89032024-03-29T06%3A14%3A47.190229385.jfif','2024-03-29 06:14:59','2024-03-29 07:49:10',1,'3401478194'),(54,'ㅇ','ㅇ','2024-03-01 00:00:00','F','https://s3.ap-northeast-2.amazonaws.com/andyimagebucket/profiles/42024-03-29T06%3A17%3A38.624831763.%EC%BB%B4%ED%93%A8%ED%84%B0_%EB%8B%AC%EB%A0%A5O','2024-03-29 06:17:41','2024-03-29 06:35:41',1,'3401478194'),(55,'김아린','아린','2024-03-01 00:00:00','F','https://s3.ap-northeast-2.amazonaws.com/andyimagebucket/profiles/figma-svgrepo-com2024-03-29T06%3A38%3A00.784420287.png','2024-03-29 06:38:12','2024-03-29 06:46:50',1,'3401478194'),(56,'ㅇ','ㅇ','2024-02-29 00:00:00','F','https://s3.ap-northeast-2.amazonaws.com/andyimagebucket/profiles/tailwind-svgrepo-com2024-03-29T07%3A04%3A07.769223021.png','2024-03-29 07:04:11','2024-03-29 07:49:05',1,'3401478194'),(57,'ㅇ','ㅇ','2024-02-29 00:00:00','F','https://s3.ap-northeast-2.amazonaws.com/andyimagebucket/profiles/%ED%85%8C%EC%8A%A4%ED%8A%B812024-03-29T07%3A51%3A39.253471205.jpg','2024-03-29 07:51:43','2024-03-29 07:51:43',0,'3401478194'),(58,'ㅇ','ㅇ','2024-03-02 00:00:00','M','https://s3.ap-northeast-2.amazonaws.com/andyimagebucket/profiles/42024-03-29T08%3A11%3A43.338432946.%EC%BB%B4%ED%93%A8%ED%84%B0_%EB%8B%AC%EB%A0%A5O','2024-03-29 08:11:47','2024-03-30 06:28:16',1,'3401478194'),(59,'d','d','2024-03-06 00:00:00','F','https://s3.ap-northeast-2.amazonaws.com/andyimagebucket/profiles/%ED%85%8C%EC%8A%A4%ED%8A%B812024-03-29T08%3A57%3A07.237265347.jpg','2024-03-29 08:57:09','2024-03-31 06:13:03',1,'3401478194'),(60,'d','d','2024-03-02 00:00:00','F','https://s3.ap-northeast-2.amazonaws.com/andyimagebucket/profiles/411c93e8dec7200636301fa2bef5ebb0_res2024-03-30T06%3A50%3A36.006369922.jpeg','2024-03-30 06:50:40','2024-03-31 06:12:54',1,'3401478194'),(61,'d','d','2024-03-02 00:00:00','M','https://s3.ap-northeast-2.amazonaws.com/andyimagebucket/profiles/sWsDgb2024-03-30T06%3A50%3A49.551062361.jpg','2024-03-30 06:50:54','2024-03-31 06:12:08',1,'3401478194'),(62,'123','123','2024-03-12 00:00:00','M','','2024-03-30 18:52:59','2024-04-01 06:27:52',1,'3398190805'),(63,'ㅇ','ㅇ','2024-03-02 00:00:00','F','https://s3.ap-northeast-2.amazonaws.com/andyimagebucket/profiles/411c93e8dec7200636301fa2bef5ebb0_res2024-03-31T06%3A16%3A21.372204075.jpeg','2024-03-31 06:16:25','2024-04-02 07:03:08',1,'3401478194'),(64,'d','d','2024-03-08 00:00:00','F','https://s3.ap-northeast-2.amazonaws.com/andyimagebucket/profiles/%ED%85%8C%EC%8A%A4%ED%8A%B82024-03-31T11%3A54%3A41.543352998.jfif','2024-03-31 11:51:59','2024-03-31 12:46:26',1,'3401478194'),(65,'d','d','2024-03-01 00:00:00','F','','2024-03-31 12:45:21','2024-04-01 07:06:25',1,'3401478194'),(66,'동훈','2번','2024-03-31 00:00:00','M','https://s3.ap-northeast-2.amazonaws.com/andyimagebucket/profiles/%EA%B9%80%EC%95%84%EB%A6%B02024-04-01T13%3A11%3A29.150992176.jpg','2024-04-01 04:57:14','2024-04-02 04:14:27',1,'3378155911'),(67,'김싸피','1234','2024-04-04 00:00:00','M','','2024-04-01 06:28:27','2024-04-01 06:33:44',1,'3398190805'),(68,'기무라타쿠야','일본새댁123','2002-04-01 00:00:00','F','data:image/gif;base64,R0lGODlhAQABAAD/ACwAAAAAAQABAAACADs=','2024-04-01 06:28:54','2024-04-01 06:29:21',0,'3416828970'),(69,'123213','21323','2024-04-09 00:00:00','M','','2024-04-01 06:33:54','2024-04-01 06:33:56',1,'3398190805'),(70,'f123213','asdf','2024-04-04 00:00:00','M','data:image/gif;base64,R0lGODlhAQABAAD/ACwAAAAAAQABAAACADs=','2024-04-01 06:44:07','2024-04-02 02:31:56',1,'3395770489'),(71,'d','d','2024-04-06 00:00:00','F','','2024-04-01 06:59:03','2024-04-01 06:59:27',1,'3401478194'),(72,'d','d','2024-04-04 00:00:00','F','https://s3.ap-northeast-2.amazonaws.com/andyimagebucket/profiles/smile_stamp2024-04-01T07%3A03%3A35.693783136.png','2024-04-01 07:03:41','2024-04-01 16:17:49',1,'3401478194'),(73,'박테리','테리곤듀','2024-04-19 00:00:00','F','https://s3.ap-northeast-2.amazonaws.com/andyimagebucket/profiles/20240330_1612232024-04-01T08%3A48%3A21.905001935.jpg','2024-04-01 08:48:34','2024-04-01 15:13:29',0,'3410763279'),(74,'ㅇ','ㅇ','2024-04-06 00:00:00','F','','2024-04-01 12:00:04','2024-04-01 13:44:27',1,'3401478194'),(75,'박민수','스펀지밥','2020-06-11 00:00:00','M','','2024-04-01 12:55:05','2024-04-02 02:48:00',1,'3410763279'),(76,'존 케네디','주식떡상','2024-04-17 00:00:00','F','https://s3.ap-northeast-2.amazonaws.com/andyimagebucket/profiles/16648140face7342adc9eb600e9800442024-04-01T12%3A52%3A36.097007055.jpg','2024-04-01 12:56:32','2024-04-01 12:56:32',0,'3417466025'),(77,'한동훈','온돌매트판매','2024-04-04 00:00:00','','https://s3.ap-northeast-2.amazonaws.com/andyimagebucket/profiles/16648140face7342adc9eb600e9800442024-04-01T12%3A56%3A39.252035865.jpg','2024-04-01 12:56:59','2024-04-01 12:56:59',0,'3417466025'),(78,'안녕하세요','123','2024-04-23 00:00:00','M','https://s3.ap-northeast-2.amazonaws.com/andyimagebucket/profiles/745707942024-04-01T13%3A02%3A26.108915618.3','2024-04-01 13:02:35','2024-04-02 01:02:42',1,'3398190805'),(79,'ㅇㅇㅇㅇㅇ','ㅇㅇㅇㅇㅇ','2024-03-07 00:00:00','F','','2024-04-01 13:58:18','2024-04-01 13:58:32',1,'3401478194'),(80,'ㅇ','ㅇd','2024-03-01 00:00:00','F','https://s3.ap-northeast-2.amazonaws.com/andyimagebucket/profiles/photo_02024-04-02T01%3A42%3A50.771253668.JPG','2024-04-01 16:17:04','2024-04-02 12:20:21',0,'3401478194'),(81,'ㅇ','ㅇ','2024-04-01 00:00:00','F','','2024-04-01 16:17:58','2024-04-01 16:27:30',1,'3401478194'),(82,'또-스마스부리또🎅','호호잇','2024-05-11 00:00:00','F','','2024-04-02 00:27:26','2024-04-02 00:27:26',0,'3417950717'),(83,'안녕하세여','123','2024-04-01 00:00:00','M','https://s3.ap-northeast-2.amazonaws.com/andyimagebucket/profiles/remotecontroller%20%285%292024-04-03T00%3A33%3A33.551102782.jpg','2024-04-02 01:03:05','2024-04-03 00:33:35',0,'3398190805'),(84,'d','e','2023-02-02 00:00:00','F','','2024-04-02 01:37:24','2024-04-02 01:40:48',1,'3401478194'),(85,'김태수','태수시치','2024-02-14 00:00:00','M','https://s3.ap-northeast-2.amazonaws.com/andyimagebucket/profiles/ssafy2024-04-03T00%3A33%3A20.426472086.png','2024-04-02 03:20:20','2024-04-03 00:33:21',0,'3395770489'),(86,'나앤디','앤디임다','2024-04-19 00:00:00','M','https://s3.ap-northeast-2.amazonaws.com/andyimagebucket/profiles/%E3%85%87%E3%84%B92024-04-02T04%3A15%3A01.145419287.jfif','2024-04-02 04:14:44','2024-04-02 06:56:06',1,'3378155911'),(87,'서2컨','서2컨','2024-03-31 00:00:00','M','','2024-04-02 04:33:43','2024-04-02 04:38:53',1,'3378155911'),(88,'나','나','2024-04-02 00:00:00','F','https://s3.ap-northeast-2.amazonaws.com/andyimagebucket/profiles/image%20%284%292024-04-02T13%3A36%3A02.148046763.png','2024-04-02 04:46:53','2024-04-02 13:36:06',0,'3410763279'),(89,'호놀룰루꽈배기사장','정진영','2024-04-27 00:00:00','F','data:image/gif;base64,R0lGODlhAQABAAD/ACwAAAAAAQABAAACADs=','2024-04-02 05:09:33','2024-04-02 05:15:22',1,'3378155911'),(90,'앤디앤디','andyandy','2024-05-02 00:00:00','F','https://s3.ap-northeast-2.amazonaws.com/andyimagebucket/profiles/%E3%85%87%E3%84%B92024-04-02T05%3A24%3A41.344416343.jfif','2024-04-02 05:17:27','2024-04-02 05:25:05',1,'3378155911'),(91,'d','d','2023-02-02 00:00:00','F','data:image/gif;base64,R0lGODlhAQABAAD/ACwAAAAAAQABAAACADs=','2024-04-02 05:19:37','2024-04-02 05:31:09',1,'3401478194'),(92,'ㅇ','ㅇ','2024-04-01 00:00:00','F','','2024-04-02 05:31:36','2024-04-02 05:34:01',1,'3401478194'),(93,'나랜디','초록인간','1995-12-18 00:00:00','M','','2024-04-02 05:35:42','2024-04-02 05:40:14',1,'3378155911'),(94,'ㄹㄹㄹㄹ','ㅇㅇㅇㅇㅇ','2023-02-02 00:00:00','F','','2024-04-02 05:36:54','2024-04-02 05:39:19',1,'3401478194'),(95,'','','2024-04-01 00:00:00','','','2024-04-02 05:55:16','2024-04-02 05:55:22',1,'3401478194'),(96,'손닦곳','손닦곳','2024-04-04 00:00:00','M','https://s3.ap-northeast-2.amazonaws.com/andyimagebucket/profiles/image2024-04-02T07%3A01%3A50.597291398.jpg','2024-04-02 06:09:43','2024-04-02 07:28:28',1,'3378155911'),(97,'쑤림','쑤림','2024-04-02 00:00:00','F','https://s3.ap-northeast-2.amazonaws.com/andyimagebucket/profiles/%EA%B3%B5%EC%A3%BC%EB%A3%A8%ED%94%BC2024-04-02T06%3A19%3A53.784748036.jpg','2024-04-02 06:20:01','2024-04-02 06:20:01',0,'3418445745'),(98,'dddddddddd','가나다라마바사아자차카타파하12345','2024-04-01 00:00:00','F','https://s3.ap-northeast-2.amazonaws.com/andyimagebucket/profiles/photo_22024-04-02T06%3A41%3A23.802807986.JPG','2024-04-02 06:27:31','2024-04-02 06:54:48',1,'3401478194'),(99,'이수민','suminjeff','1998-10-14 00:00:00','M','','2024-04-02 06:44:30','2024-04-02 07:04:26',1,'3378155911'),(100,'dddddddddd','ddddd','2024-03-01 00:00:00','F','https://s3.ap-northeast-2.amazonaws.com/andyimagebucket/profiles/photo_32024-04-03T04%3A45%3A37.764978994.JPEG','2024-04-02 06:56:38','2024-04-03 06:03:46',0,'3401478194'),(101,'민수네 언니','손지은','2024-03-02 00:00:00','F','','2024-04-02 06:56:42','2024-04-02 07:28:25',1,'3378155911'),(102,'고해림','고해림','2024-04-02 00:00:00','M','','2024-04-02 07:05:03','2024-04-02 07:28:26',1,'3378155911'),(103,'d','d','2023-02-01 00:00:00','F','https://s3.ap-northeast-2.amazonaws.com/andyimagebucket/profiles/photo_12024-04-02T07%3A20%3A55.340937711.JPG','2024-04-02 07:06:11','2024-04-02 07:21:19',1,'3401478194'),(104,'1231231231','123','2023-09-12 00:00:00','M','https://s3.ap-northeast-2.amazonaws.com/andyimagebucket/profiles/rn_image_picker_lib_temp_444db252-ffd2-4d41-9922-1afeaea0b40d2024-04-03T00%3A40%3A10.432353164.jpg','2024-04-02 07:07:31','2024-04-03 04:52:43',0,'3395770489'),(105,'ㅇ','ㅇ','2023-02-02 00:00:00','F','https://s3.ap-northeast-2.amazonaws.com/andyimagebucket/profiles/photo_22024-04-02T07%3A24%3A14.117095649.JPG','2024-04-02 07:21:35','2024-04-02 07:29:23',1,'3401478194'),(106,'ㅇ','ㅇㅇㅇㅇ','2024-04-01 00:00:00','F','https://s3.ap-northeast-2.amazonaws.com/andyimagebucket/profiles/photo_32024-04-02T07%3A27%3A03.896455442.JPEG','2024-04-02 07:26:15','2024-04-02 07:29:18',1,'3401478194'),(107,'df','df675','2024-03-31 00:00:00','F','https://s3.ap-northeast-2.amazonaws.com/andyimagebucket/profiles/cat2024-04-03T00%3A50%3A52.943589986.png','2024-04-02 07:28:38','2024-04-03 00:50:54',0,'3378155911'),(108,'ㅇ','ㅇ','2023-02-02 00:00:00','F','','2024-04-02 07:29:33','2024-04-02 08:00:47',1,'3401478194'),(109,'안디b','안디b','2020-01-21 00:00:00','M','https://s3.ap-northeast-2.amazonaws.com/andyimagebucket/profiles/stand2024-04-02T07%3A53%3A27.976779817.jpg','2024-04-02 07:52:31','2024-04-02 07:53:52',0,'3418578073'),(110,'','','0333-03-03 00:00:00','','','2024-04-02 08:06:46','2024-04-02 08:06:54',1,'3401478194'),(111,'d','d','9999-09-21 00:00:00','F','','2024-04-02 08:20:37','2024-04-02 08:20:52',1,'3401478194'),(112,'d','d','9999-02-03 00:00:00','F','','2024-04-02 08:33:09','2024-04-02 08:33:15',1,'3401478194'),(113,'','','9999-02-01 00:00:00','','','2024-04-02 08:34:12','2024-04-02 08:34:19',1,'3401478194'),(114,'ㅇ','ㅇ','0999-02-01 00:00:00','F','','2024-04-02 08:35:51','2024-04-02 08:35:55',1,'3401478194'),(115,'ㅇ','ㅇ','2024-04-01 00:00:00','F','','2024-04-02 08:36:47','2024-04-02 08:51:16',1,'3401478194'),(116,'d','d','2023-02-02 00:00:00','F','','2024-04-02 08:51:44','2024-04-02 08:52:05',1,'3401478194'),(117,'d','d','2024-04-01 00:00:00','F','https://s3.ap-northeast-2.amazonaws.com/andyimagebucket/profiles/photo_02024-04-02T12%3A08%3A25.106805886.JPG','2024-04-02 08:52:19','2024-04-02 12:26:46',1,'3401478194'),(118,'d','d','2024-04-01 00:00:00','F','','2024-04-02 08:52:51','2024-04-02 11:19:42',1,'3401478194'),(119,'e','d','0999-06-06 00:00:00','F','','2024-04-02 12:28:02','2024-04-02 12:28:22',1,'3401478194'),(120,'테스트ㅇㅇ','dddddd','2024-03-31 00:00:00','F','https://andyimagebucket.s3.ap-northeast-2.amazonaws.com/profiles/defaultProfile.png','2024-04-02 13:13:24','2024-04-02 13:43:47',1,'3401478194'),(121,'d','d','2023-02-02 00:00:00','F','','2024-04-02 14:55:37','2024-04-02 15:08:11',1,'3401478194'),(122,'dddddddddd','dddddddddddddddddddd','1999-08-09 00:00:00','M','https://andyimagebucket.s3.ap-northeast-2.amazonaws.com/profiles/defaultProfile.png','2024-04-02 15:30:33','2024-04-02 15:48:29',1,'3401478194'),(123,'ㄱㄱㄱ','ㄴㄴㄴ','2021-04-03 00:00:00','M','','2024-04-02 15:36:31','2024-04-02 15:36:31',0,'3419270742'),(124,'d','d','2024-04-01 00:00:00','F','','2024-04-02 18:03:03','2024-04-03 00:38:48',1,'3401478194'),(125,'aaaaaaaaaa','aaaaaaaaaaaaaaaaaaaa','2024-03-31 00:00:00','F','','2024-04-03 00:28:12','2024-04-03 00:28:16',1,'3401856056'),(126,'ㅇㄹ','ㅇㄹㄹ','2024-04-01 00:00:00','M','','2024-04-03 00:45:20','2024-04-03 00:45:40',1,'3378155911'),(127,'김앤디','1234','2024-03-06 00:00:00','M','','2024-04-03 00:45:31','2024-04-03 00:45:39',1,'3398190805'),(128,'ㄹㅀ','ㅀㅀ','2024-04-01 00:00:00','M','','2024-04-03 00:51:34','2024-04-03 00:51:34',0,'3378155911'),(129,'ㅇ','ㅇㅇㅇ','2002-02-05 00:00:00','F','','2024-04-03 04:51:03','2024-04-03 05:40:07',1,'3401478194'),(130,'dkssdugkdp','dkfdksjdfk','2024-04-01 00:00:00','M','','2024-04-03 05:01:49','2024-04-03 05:01:49',0,'3378155911');
/*!40000 ALTER TABLE `child` ENABLE KEYS */;
UNLOCK TABLES;

--
-- Table structure for table `exam`
--

DROP TABLE IF EXISTS `exam`;
/*!40101 SET @saved_cs_client     = @@character_set_client */;
/*!50503 SET character_set_client = utf8mb4 */;
CREATE TABLE `exam` (
  `exam_seq` int NOT NULL AUTO_INCREMENT,
  `child_seq` int NOT NULL COMMENT '12',
  `question_category_seq` tinyint NOT NULL,
  `exam_score` tinyint NOT NULL DEFAULT '0' COMMENT '7',
  `created_at` datetime NOT NULL DEFAULT CURRENT_TIMESTAMP,
  `updated_at` datetime NOT NULL DEFAULT CURRENT_TIMESTAMP,
  `is_deleted` tinyint(1) NOT NULL DEFAULT '0',
  `exam_mode` char(1) NOT NULL COMMENT '1 / 2',
  PRIMARY KEY (`exam_seq`)
) ENGINE=InnoDB AUTO_INCREMENT=219 DEFAULT CHARSET=utf8mb4 COLLATE=utf8mb4_0900_ai_ci;
/*!40101 SET character_set_client = @saved_cs_client */;

--
-- Dumping data for table `exam`
--

LOCK TABLES `exam` WRITE;
/*!40000 ALTER TABLE `exam` DISABLE KEYS */;
INSERT INTO `exam` VALUES (8,1,1,100,'2024-03-22 04:07:56','2024-03-22 04:07:56',0,'A'),(17,1,1,1,'2024-03-25 11:29:15','2024-03-25 11:29:15',0,'A'),(18,1,1,1,'2024-03-25 12:36:16','2024-03-25 12:36:16',0,'A'),(19,1,1,1,'2024-03-25 12:37:08','2024-03-25 12:37:08',0,'A'),(20,1,1,1,'2024-03-25 12:39:48','2024-03-25 12:39:48',0,'A'),(21,1,1,1,'2024-03-25 12:41:14','2024-03-25 12:41:14',0,'A'),(22,1,1,1,'2024-03-25 12:42:01','2024-03-25 12:42:01',0,'A'),(23,1,1,1,'2024-03-25 06:55:56','2024-03-25 06:55:56',0,'A'),(24,1,1,1,'2024-03-25 07:41:23','2024-03-25 07:41:23',0,'A'),(25,35,2,0,'2024-03-27 02:09:17','2024-03-27 02:09:17',0,'A'),(26,35,2,0,'2024-03-27 02:09:17','2024-03-27 02:09:17',0,'A'),(27,35,2,0,'2024-03-27 02:09:21','2024-03-27 02:09:21',0,'A'),(28,35,2,0,'2024-03-27 02:12:12','2024-03-27 02:12:12',0,'A'),(29,35,2,0,'2024-03-27 02:12:12','2024-03-27 02:12:12',0,'A'),(30,35,2,0,'2024-03-27 02:13:12','2024-03-27 02:13:12',0,'A'),(31,35,2,0,'2024-03-27 02:16:10','2024-03-27 02:16:10',0,'A'),(32,35,0,0,'2024-03-27 02:16:12','2024-03-27 02:16:12',0,'A'),(33,35,0,0,'2024-03-27 03:38:23','2024-03-27 03:38:23',0,'A'),(34,35,0,0,'2024-03-27 03:38:58','2024-03-27 03:38:58',0,'A'),(35,35,0,0,'2024-03-27 03:39:13','2024-03-27 03:39:13',0,'A'),(36,35,0,0,'2024-03-27 03:39:59','2024-03-27 03:39:59',0,'A'),(37,35,0,0,'2024-03-27 03:40:18','2024-03-27 03:40:18',0,'A'),(38,35,0,0,'2024-03-27 03:47:56','2024-03-27 03:47:56',0,'A'),(39,35,0,0,'2024-03-27 03:51:43','2024-03-27 03:51:43',0,'A'),(40,35,0,0,'2024-03-27 03:51:53','2024-03-27 03:51:53',0,'A'),(41,35,0,0,'2024-03-27 03:53:52','2024-03-27 03:53:52',0,'A'),(42,35,0,0,'2024-03-27 03:54:02','2024-03-27 03:54:02',0,'A'),(43,35,0,0,'2024-03-27 03:55:12','2024-03-27 03:55:12',0,'A'),(44,35,0,0,'2024-03-27 03:55:15','2024-03-27 03:55:15',0,'A'),(45,35,0,0,'2024-03-27 03:56:28','2024-03-27 03:56:28',0,'A'),(46,35,0,0,'2024-03-27 03:56:30','2024-03-27 03:56:30',0,'A'),(47,35,0,0,'2024-03-27 03:57:29','2024-03-27 03:57:29',0,'A'),(48,35,0,0,'2024-03-27 03:57:38','2024-03-27 03:57:38',0,'A'),(49,35,0,0,'2024-03-27 03:58:10','2024-03-27 03:58:10',0,'A'),(50,35,0,0,'2024-03-27 03:59:10','2024-03-27 03:59:10',0,'A'),(51,35,0,0,'2024-03-27 03:59:31','2024-03-27 03:59:31',0,'A'),(52,35,0,0,'2024-03-27 03:59:59','2024-03-27 03:59:59',0,'A'),(53,35,0,0,'2024-03-27 04:00:28','2024-03-27 04:00:28',0,'A'),(54,35,0,0,'2024-03-27 04:14:16','2024-03-27 04:14:16',0,'A'),(55,35,1,0,'2024-03-27 05:17:04','2024-03-27 05:17:04',0,'A'),(56,35,1,0,'2024-03-27 06:51:17','2024-03-27 06:51:17',0,'A'),(57,35,1,0,'2024-03-27 06:55:55','2024-03-27 06:55:55',0,'A'),(58,35,1,2,'2024-03-27 07:00:09','2024-03-27 07:00:09',0,'A'),(59,34,1,0,'2024-03-27 07:03:38','2024-03-27 07:03:38',0,'A'),(60,35,0,1,'2024-03-28 02:00:47','2024-03-28 02:00:47',0,'A'),(61,34,1,0,'2024-03-28 02:01:13','2024-03-28 02:01:13',0,'A'),(62,35,0,1,'2024-03-28 02:01:14','2024-03-28 02:01:14',0,'A'),(63,35,0,1,'2024-03-28 02:03:33','2024-03-28 02:03:33',0,'A'),(64,34,1,0,'2024-03-28 02:04:41','2024-03-28 02:04:41',0,'A'),(65,35,0,1,'2024-03-28 02:05:30','2024-03-28 02:05:30',0,'A'),(66,1,1,0,'2024-03-28 02:07:12','2024-03-28 02:07:12',0,'A'),(67,35,1,0,'2024-03-28 04:14:11','2024-03-28 04:14:11',0,'B'),(68,35,1,0,'2024-03-28 04:14:11','2024-03-28 04:14:11',0,'B'),(69,35,1,0,'2024-03-28 04:14:45','2024-03-28 04:14:45',0,'B'),(70,35,1,0,'2024-03-28 04:14:45','2024-03-28 04:14:45',0,'B'),(71,35,1,0,'2024-03-28 04:15:23','2024-03-28 04:15:23',0,'B'),(72,35,1,0,'2024-03-28 04:15:23','2024-03-28 04:15:23',0,'B'),(73,35,1,0,'2024-03-28 04:19:41','2024-03-28 04:19:41',0,'B'),(74,35,1,0,'2024-03-28 04:21:43','2024-03-28 04:21:43',0,'B'),(75,35,1,0,'2024-03-28 05:59:09','2024-03-28 05:59:09',0,'A'),(76,35,1,2,'2024-03-28 06:00:30','2024-03-28 06:00:30',0,'A'),(77,35,1,1,'2024-03-28 06:01:56','2024-03-28 06:01:56',0,'B'),(78,1,1,0,'2024-03-28 06:05:34','2024-03-28 06:05:34',0,'A'),(79,1,1,1,'2024-03-28 06:05:54','2024-03-28 06:05:54',0,'A'),(80,35,1,0,'2024-03-28 07:45:46','2024-03-28 07:45:46',0,'A'),(81,34,1,2,'2024-03-28 07:51:45','2024-03-28 07:51:45',0,'B'),(82,1,1,1,'2024-03-28 08:31:49','2024-03-28 08:31:49',0,'A'),(83,48,1,0,'2024-03-28 15:21:05','2024-03-28 15:21:05',0,'A'),(84,48,1,2,'2024-03-28 15:22:10','2024-03-28 15:22:10',0,'A'),(85,1,1,0,'2024-03-30 12:11:34','2024-03-30 12:11:34',0,'A'),(86,1,7,0,'2024-03-30 12:11:56','2024-03-30 12:11:56',0,'A'),(87,1,1,0,'2024-03-30 12:12:46','2024-03-30 12:12:46',0,'A'),(88,1,1,0,'2024-03-30 12:14:48','2024-03-30 12:14:48',0,'A'),(89,35,1,0,'2024-03-31 05:06:27','2024-03-31 05:06:27',0,'B'),(90,35,1,0,'2024-03-31 05:08:45','2024-03-31 05:08:45',0,'B'),(91,35,1,0,'2024-03-31 08:44:05','2024-03-31 08:44:05',0,'B'),(92,51,1,2,'2024-03-31 09:48:33','2024-03-31 09:48:33',0,'B'),(93,35,1,0,'2024-03-31 12:40:39','2024-03-31 12:40:39',0,'A'),(94,51,1,2,'2024-03-31 12:44:39','2024-03-31 12:44:39',0,'B'),(95,35,1,0,'2024-04-01 01:49:56','2024-04-01 01:49:56',0,'A'),(96,35,1,0,'2024-04-01 02:02:48','2024-04-01 02:02:48',0,'A'),(97,35,1,0,'2024-04-01 02:07:19','2024-04-01 02:07:19',0,'A'),(98,35,1,0,'2024-04-01 02:08:48','2024-04-01 02:08:48',0,'A'),(99,1,1,1,'2024-04-01 02:08:56','2024-04-01 02:08:56',0,'A'),(100,1,1,1,'2024-04-01 02:09:57','2024-04-01 02:09:57',0,'A'),(101,1,1,1,'2024-04-01 02:10:56','2024-04-01 02:10:56',0,'A'),(102,1,1,1,'2024-04-01 02:11:47','2024-04-01 02:11:47',0,'A'),(103,1,1,1,'2024-04-01 02:12:09','2024-04-01 02:12:09',0,'A'),(104,35,1,0,'2024-04-01 04:09:51','2024-04-01 04:09:51',0,'A'),(105,35,1,1,'2024-04-01 06:24:11','2024-04-01 06:24:11',0,'A'),(106,68,1,1,'2024-04-01 06:32:21','2024-04-01 06:32:21',0,'A'),(107,68,1,1,'2024-04-01 06:33:08','2024-04-01 06:33:08',0,'B'),(108,67,1,0,'2024-04-01 06:33:20','2024-04-01 06:33:20',0,'B'),(109,70,1,1,'2024-04-01 06:45:04','2024-04-01 06:45:04',0,'A'),(110,70,1,0,'2024-04-01 06:45:42','2024-04-01 06:45:42',0,'A'),(111,35,1,2,'2024-04-01 07:08:16','2024-04-01 07:08:16',0,'B'),(112,35,1,0,'2024-04-01 07:56:28','2024-04-01 07:56:28',0,'B'),(113,51,1,1,'2024-04-01 08:33:13','2024-04-01 08:33:13',0,'A'),(114,51,1,2,'2024-04-01 08:36:40','2024-04-01 08:36:40',0,'B'),(115,51,1,0,'2024-04-01 08:47:52','2024-04-01 08:47:52',0,'B'),(116,51,1,0,'2024-04-01 09:04:06','2024-04-01 09:04:06',0,'A'),(117,46,1,0,'2024-04-01 11:50:25','2024-04-01 11:50:25',0,'A'),(118,46,1,0,'2024-04-01 11:55:48','2024-04-01 11:55:48',0,'B'),(119,66,7,0,'2024-04-01 12:45:59','2024-04-01 12:45:59',0,'A'),(120,66,7,4,'2024-04-01 12:49:16','2024-04-01 12:49:16',0,'B'),(121,76,1,1,'2024-04-01 13:01:24','2024-04-01 13:01:24',0,'B'),(122,78,1,1,'2024-04-01 13:03:49','2024-04-01 13:03:49',0,'B'),(123,66,7,4,'2024-04-01 13:10:52','2024-04-01 13:10:52',0,'B'),(124,35,1,0,'2024-04-01 14:24:52','2024-04-01 14:24:52',0,'A'),(125,35,1,0,'2024-04-01 14:25:20','2024-04-01 14:25:20',0,'A'),(126,51,7,1,'2024-04-01 15:11:01','2024-04-01 15:11:01',0,'A'),(127,51,1,1,'2024-04-01 15:13:06','2024-04-01 15:13:06',0,'A'),(128,35,1,0,'2024-04-02 00:28:57','2024-04-02 00:28:57',0,'A'),(129,82,9,3,'2024-04-02 00:29:35','2024-04-02 00:29:35',0,'B'),(130,83,1,1,'2024-04-02 01:11:05','2024-04-02 01:11:05',0,'A'),(131,35,1,0,'2024-04-02 01:30:32','2024-04-02 01:30:32',0,'A'),(132,66,7,3,'2024-04-02 04:00:22','2024-04-02 04:00:22',0,'A'),(133,86,7,4,'2024-04-02 04:16:53','2024-04-02 04:16:53',0,'A'),(134,86,7,3,'2024-04-02 04:18:50','2024-04-02 04:18:50',0,'A'),(135,86,7,5,'2024-04-02 04:20:03','2024-04-02 04:20:03',0,'B'),(136,34,7,4,'2024-04-02 04:27:47','2024-04-02 04:27:47',0,'B'),(137,34,7,4,'2024-04-02 04:31:54','2024-04-02 04:31:54',0,'B'),(138,34,7,1,'2024-04-02 04:32:46','2024-04-02 04:32:46',0,'B'),(139,85,7,0,'2024-04-02 04:32:57','2024-04-02 04:32:57',0,'B'),(140,87,7,2,'2024-04-02 04:35:32','2024-04-02 04:35:32',0,'A'),(141,87,7,4,'2024-04-02 04:37:30','2024-04-02 04:37:30',0,'B'),(142,86,7,5,'2024-04-02 04:45:52','2024-04-02 04:45:52',0,'A'),(143,86,7,3,'2024-04-02 04:46:59','2024-04-02 04:46:59',0,'B'),(144,86,7,1,'2024-04-02 04:48:16','2024-04-02 04:48:16',0,'A'),(145,88,7,5,'2024-04-02 04:48:25','2024-04-02 04:48:25',0,'A'),(146,88,7,4,'2024-04-02 04:51:03','2024-04-02 04:51:03',0,'B'),(147,86,7,4,'2024-04-02 04:55:24','2024-04-02 04:55:24',0,'A'),(148,85,1,0,'2024-04-02 05:03:23','2024-04-02 05:03:23',0,'B'),(149,89,7,2,'2024-04-02 05:12:00','2024-04-02 05:12:00',0,'A'),(150,89,7,3,'2024-04-02 05:13:24','2024-04-02 05:13:24',0,'B'),(151,90,7,2,'2024-04-02 05:20:03','2024-04-02 05:20:03',0,'A'),(152,90,7,5,'2024-04-02 05:21:39','2024-04-02 05:21:39',0,'B'),(153,85,1,0,'2024-04-02 05:24:15','2024-04-02 05:24:15',0,'B'),(154,85,7,0,'2024-04-02 05:25:02','2024-04-02 05:25:02',0,'B'),(155,85,7,0,'2024-04-02 05:30:45','2024-04-02 05:30:45',0,'B'),(156,86,7,3,'2024-04-02 05:31:26','2024-04-02 05:31:26',0,'A'),(157,86,8,5,'2024-04-02 05:33:21','2024-04-02 05:33:21',0,'B'),(158,85,1,0,'2024-04-02 05:36:26','2024-04-02 05:36:26',0,'B'),(159,93,7,1,'2024-04-02 05:37:11','2024-04-02 05:37:11',0,'A'),(160,85,1,0,'2024-04-02 05:38:54','2024-04-02 05:38:54',0,'B'),(161,93,7,4,'2024-04-02 05:39:19','2024-04-02 05:39:19',0,'B'),(162,86,8,3,'2024-04-02 06:02:19','2024-04-02 06:02:19',0,'A'),(163,86,10,4,'2024-04-02 06:07:13','2024-04-02 06:07:13',0,'B'),(164,96,8,1,'2024-04-02 06:11:39','2024-04-02 06:11:39',0,'A'),(165,96,7,3,'2024-04-02 06:13:18','2024-04-02 06:13:18',0,'B'),(166,96,8,4,'2024-04-02 06:17:33','2024-04-02 06:17:33',0,'A'),(167,83,7,5,'2024-04-02 06:28:36','2024-04-02 06:28:36',0,'B'),(168,85,1,0,'2024-04-02 06:46:13','2024-04-02 06:46:13',0,'B'),(169,99,8,2,'2024-04-02 06:49:12','2024-04-02 06:49:12',0,'A'),(170,99,10,2,'2024-04-02 06:53:34','2024-04-02 06:53:34',0,'A'),(171,101,8,5,'2024-04-02 06:58:00','2024-04-02 06:58:00',0,'B'),(172,101,7,4,'2024-04-02 07:00:22','2024-04-02 07:00:22',0,'A'),(173,102,7,3,'2024-04-02 07:06:52','2024-04-02 07:06:52',0,'A'),(174,102,8,3,'2024-04-02 07:08:16','2024-04-02 07:08:16',0,'B'),(175,104,1,0,'2024-04-02 07:37:13','2024-04-02 07:37:13',0,'B'),(176,104,1,0,'2024-04-02 07:40:44','2024-04-02 07:40:44',0,'B'),(177,104,1,0,'2024-04-02 07:45:10','2024-04-02 07:45:10',0,'B'),(178,104,1,0,'2024-04-02 07:51:20','2024-04-02 07:51:20',0,'B'),(179,109,10,4,'2024-04-02 07:57:50','2024-04-02 07:57:50',0,'B'),(180,104,1,0,'2024-04-02 08:04:05','2024-04-02 08:04:05',0,'B'),(181,85,1,0,'2024-04-02 08:44:35','2024-04-02 08:44:35',0,'B'),(182,85,1,0,'2024-04-02 08:50:50','2024-04-02 08:50:50',0,'B'),(183,85,1,0,'2024-04-02 12:50:22','2024-04-02 12:50:22',0,'B'),(184,51,7,2,'2024-04-02 13:45:16','2024-04-02 13:45:16',0,'B'),(185,83,7,1,'2024-04-02 13:57:10','2024-04-02 13:57:10',0,'B'),(186,83,7,0,'2024-04-02 13:57:49','2024-04-02 13:57:49',0,'B'),(187,85,1,0,'2024-04-02 13:59:26','2024-04-02 13:59:26',0,'A'),(188,51,7,0,'2024-04-02 14:09:30','2024-04-02 14:09:30',0,'A'),(189,51,1,0,'2024-04-02 14:13:16','2024-04-02 14:13:16',0,'A'),(190,51,9,0,'2024-04-02 14:13:55','2024-04-02 14:13:55',0,'A'),(191,83,7,0,'2024-04-02 14:41:14','2024-04-02 14:41:14',0,'B'),(192,34,7,5,'2024-04-02 14:47:11','2024-04-02 14:47:11',0,'B'),(193,123,7,0,'2024-04-02 15:39:22','2024-04-02 15:39:22',0,'A'),(194,37,7,0,'2024-04-03 00:09:21','2024-04-03 00:09:21',0,'A'),(195,37,7,4,'2024-04-03 00:11:01','2024-04-03 00:11:01',0,'B'),(196,37,7,5,'2024-04-03 00:16:16','2024-04-03 00:16:16',0,'B'),(197,37,7,4,'2024-04-03 00:22:35','2024-04-03 00:22:35',0,'B'),(198,85,1,1,'2024-04-03 00:23:46','2024-04-03 00:23:46',0,'A'),(199,83,7,0,'2024-04-03 00:46:20','2024-04-03 00:46:20',0,'A'),(200,107,7,0,'2024-04-03 00:46:20','2024-04-03 00:46:20',0,'A'),(201,107,7,0,'2024-04-03 00:47:01','2024-04-03 00:47:01',0,'B'),(202,83,7,0,'2024-04-03 00:47:01','2024-04-03 00:47:01',0,'B'),(203,128,1,0,'2024-04-03 02:02:04','2024-04-03 02:02:04',0,'A'),(204,107,8,0,'2024-04-03 02:06:51','2024-04-03 02:06:51',0,'A'),(205,104,1,0,'2024-04-03 04:18:49','2024-04-03 04:18:49',0,'A'),(206,85,1,0,'2024-04-03 05:00:42','2024-04-03 05:00:42',0,'A'),(207,128,7,1,'2024-04-03 05:03:22','2024-04-03 05:03:22',0,'A'),(208,85,1,0,'2024-04-03 05:03:26','2024-04-03 05:03:26',0,'A'),(209,128,7,3,'2024-04-03 05:04:29','2024-04-03 05:04:29',0,'B'),(210,85,1,1,'2024-04-03 05:29:12','2024-04-03 05:29:12',0,'A'),(211,85,7,1,'2024-04-03 05:51:36','2024-04-03 05:51:36',0,'A'),(212,85,1,1,'2024-04-03 05:52:19','2024-04-03 05:52:19',0,'A'),(213,85,1,1,'2024-04-03 06:28:06','2024-04-03 06:28:06',0,'B'),(214,85,1,0,'2024-04-03 07:29:46','2024-04-03 07:29:46',0,'A'),(215,85,7,1,'2024-04-03 07:32:08','2024-04-03 07:32:08',0,'A'),(216,85,7,2,'2024-04-03 07:34:27','2024-04-03 07:34:27',0,'A'),(217,85,7,1,'2024-04-03 07:36:07','2024-04-03 07:36:07',0,'A'),(218,85,1,0,'2024-04-03 07:46:35','2024-04-03 07:46:35',0,'A');
/*!40000 ALTER TABLE `exam` ENABLE KEYS */;
UNLOCK TABLES;

--
-- Table structure for table `media`
--

DROP TABLE IF EXISTS `media`;
/*!40101 SET @saved_cs_client     = @@character_set_client */;
/*!50503 SET character_set_client = utf8mb4 */;
CREATE TABLE `media` (
  `media_seq` int NOT NULL COMMENT 'DB 자동 생성값',
  `media_name` varchar(100) NOT NULL COMMENT '파일 찾을때 참고?',
  `media_url` varchar(255) NOT NULL COMMENT '파일이 저장된 주소',
  `Field` varchar(255) DEFAULT NULL,
  PRIMARY KEY (`media_seq`)
) ENGINE=InnoDB DEFAULT CHARSET=utf8mb4 COLLATE=utf8mb4_0900_ai_ci;
/*!40101 SET character_set_client = @saved_cs_client */;

--
-- Dumping data for table `media`
--

LOCK TABLES `media` WRITE;
/*!40000 ALTER TABLE `media` DISABLE KEYS */;
/*!40000 ALTER TABLE `media` ENABLE KEYS */;
UNLOCK TABLES;

--
-- Table structure for table `parent`
--

DROP TABLE IF EXISTS `parent`;
/*!40101 SET @saved_cs_client     = @@character_set_client */;
/*!50503 SET character_set_client = utf8mb4 */;
CREATE TABLE `parent` (
  `parent_kakao_seq` int NOT NULL AUTO_INCREMENT,
  `parent_kakao_name` varchar(50) COLLATE utf8mb4_unicode_ci NOT NULL,
  `parent_kakao_email` varchar(255) COLLATE utf8mb4_unicode_ci DEFAULT NULL,
  `created_at` datetime DEFAULT NULL,
  `updated_at` datetime DEFAULT NULL,
  `is_deleted` tinyint DEFAULT NULL,
  `parent_kakao_id` varchar(50) COLLATE utf8mb4_unicode_ci NOT NULL,
  PRIMARY KEY (`parent_kakao_seq`),
  UNIQUE KEY `parent_kakao_id` (`parent_kakao_id`),
  UNIQUE KEY `parent_kakao_id_2` (`parent_kakao_id`),
  UNIQUE KEY `parent_kakao_id_3` (`parent_kakao_id`)
) ENGINE=InnoDB AUTO_INCREMENT=49 DEFAULT CHARSET=utf8mb4 COLLATE=utf8mb4_unicode_ci;
/*!40101 SET character_set_client = @saved_cs_client */;

--
-- Dumping data for table `parent`
--

LOCK TABLES `parent` WRITE;
/*!40000 ALTER TABLE `parent` DISABLE KEYS */;
INSERT INTO `parent` VALUES (32,'김태수','{bcrypt}$2a$10$7EVygG69wsHe4Lf4FAsbbe2OCsir5gCAhy6WpntnFA1E9s5lET9p.','2024-03-19 04:26:25','2024-03-19 04:26:25',0,'3395770489'),(34,'전근렬','{bcrypt}$2a$10$qE29kkwc.LBQ9aD.rkD2uO4/eBY8PD.Br/yBbTMmaYkuvJYMBHYL.','2024-03-21 13:34:47','2024-03-21 13:34:47',0,'3401096239'),(35,'이윤정','{bcrypt}$2a$10$elwRylc816n8S.gT3Czhm.8sZdWLk4mROWmvhDrecDbd1i48ynUs.','2024-03-22 00:27:19','2024-03-22 00:27:19',0,'3401478194'),(36,'H','{bcrypt}$2a$10$ZulF3Q1.oOcryY7xa4Lc1.9wBwjjmd9EDncr9WIpzVukov./OX45u','2024-03-22 04:53:54','2024-03-22 04:53:54',0,'3401856056'),(37,'조성호','{bcrypt}$2a$10$dt1zFThxTtDz0dU22eiT3eQ2RtoWA6EhEDPglZvJagjqI9Vy8TdE6','2024-03-22 07:43:33','2024-03-22 07:43:33',0,'3402102929'),(38,'현종','{bcrypt}$2a$10$Tw5wGs1lQbuxwbzpaHWC0eah8tLFsqCCBmAmmPNOBeuE4WnUnQoxa','2024-03-24 23:47:40','2024-03-24 23:47:40',0,'3398190805'),(40,'김아린','{bcrypt}$2a$10$QtjpBTDsBy8Oq02krezzoOVAObg17niQGwKa5jx/zjnebn4p0dOxa','2024-03-27 07:30:41','2024-03-27 07:30:41',0,'3378155911'),(41,'박수민','{bcrypt}$2a$10$W1zjbJdSSNVEsMRvrpxtiOhMz0kOXn3hR5YfgOq0nakV3j1pelIfa','2024-03-28 00:56:18','2024-03-28 00:56:18',0,'3410763279'),(42,'열심히해보자야','{bcrypt}$2a$10$1lH.fnfjmJbNAc1htU0gpuip9X9hG62VjbBg8XBtVWD5bVyYBgKGK','2024-04-01 06:28:03','2024-04-01 06:28:03',0,'3416828970'),(43,'X','{bcrypt}$2a$10$ANrs9WSgfTSGSWoyQOytgekOxFK/cNCr6uL0ZTft7srlVyfW/zeg2','2024-04-01 12:50:49','2024-04-01 12:50:49',0,'3417466025'),(44,'앙고무링','{bcrypt}$2a$10$SoMDQZYAzmdUfF5VhNiVjuMVZlZ6rqYtt2mi6wVdg1jkqcR0IFv0q','2024-04-02 00:26:39','2024-04-02 00:26:39',0,'3417950717'),(45,'박근수','{bcrypt}$2a$10$C9OAH.7b9CvhfH35hHzd4.duUFZxH8mjqWui/Diz9PlgATKwx6dAe','2024-04-02 05:21:04','2024-04-02 05:21:04',0,'3418363404'),(46,'고수림','{bcrypt}$2a$10$ZMdjANXyZoMV.zA21t5De.8oLhhL78kdVczGwYQEfKmvFIfJrXPJ.','2024-04-02 06:19:37','2024-04-02 06:19:37',0,'3418445745'),(47,'김예지','{bcrypt}$2a$10$QYMns6Hcl44EbVfmHtSx9OKLJujAgSItlaKvy2eYqMLJ41ELgtOCS','2024-04-02 07:52:04','2024-04-02 07:52:04',0,'3418578073'),(48,'정진영','{bcrypt}$2a$10$DELjveWsa4.A4fG5NLcH5uuCfLsLT6kOgr.X56O52zU7YehiIlg7e','2024-04-02 15:35:22','2024-04-02 15:35:22',0,'3419270742');
/*!40000 ALTER TABLE `parent` ENABLE KEYS */;
UNLOCK TABLES;

--
-- Table structure for table `parent_role`
--

DROP TABLE IF EXISTS `parent_role`;
/*!40101 SET @saved_cs_client     = @@character_set_client */;
/*!50503 SET character_set_client = utf8mb4 */;
CREATE TABLE `parent_role` (
  `id` int NOT NULL AUTO_INCREMENT,
  `parent_kakao_id` varchar(255) DEFAULT NULL,
  `roles` varchar(255) NOT NULL,
  PRIMARY KEY (`id`)
) ENGINE=InnoDB AUTO_INCREMENT=20 DEFAULT CHARSET=utf8mb4 COLLATE=utf8mb4_0900_ai_ci;
/*!40101 SET character_set_client = @saved_cs_client */;

--
-- Dumping data for table `parent_role`
--

LOCK TABLES `parent_role` WRITE;
/*!40000 ALTER TABLE `parent_role` DISABLE KEYS */;
INSERT INTO `parent_role` VALUES (1,'26','SOCIAL'),(2,'31','SOCIAL'),(3,'32','SOCIAL'),(4,'33','SOCIAL'),(5,'34','SOCIAL'),(6,'35','SOCIAL'),(7,'36','SOCIAL'),(8,'37','SOCIAL'),(9,'38','SOCIAL'),(10,'39','SOCIAL'),(11,'40','SOCIAL'),(12,'41','SOCIAL'),(13,'42','SOCIAL'),(14,'43','SOCIAL'),(15,'44','SOCIAL'),(16,'45','SOCIAL'),(17,'46','SOCIAL'),(18,'47','SOCIAL'),(19,'48','SOCIAL');
/*!40000 ALTER TABLE `parent_role` ENABLE KEYS */;
UNLOCK TABLES;

--
-- Table structure for table `question`
--

DROP TABLE IF EXISTS `question`;
/*!40101 SET @saved_cs_client     = @@character_set_client */;
/*!50503 SET character_set_client = utf8mb4 */;
CREATE TABLE `question` (
  `question_seq` int NOT NULL AUTO_INCREMENT,
  `question_category_seq` tinyint NOT NULL,
  `question_picture` varchar(255) NOT NULL COMMENT 'www.averc.com',
  `question_name` varchar(30) NOT NULL COMMENT '사과',
  `created_at` datetime NOT NULL DEFAULT CURRENT_TIMESTAMP,
  `updated_date` datetime NOT NULL DEFAULT CURRENT_TIMESTAMP,
  `is_deleted` tinyint NOT NULL DEFAULT '0',
  PRIMARY KEY (`question_seq`)
) ENGINE=InnoDB AUTO_INCREMENT=138 DEFAULT CHARSET=utf8mb4 COLLATE=utf8mb4_0900_ai_ci;
/*!40101 SET character_set_client = @saved_cs_client */;

--
-- Dumping data for table `question`
--

LOCK TABLES `question` WRITE;
/*!40000 ALTER TABLE `question` DISABLE KEYS */;
INSERT INTO `question` VALUES (1,1,'https://andyimagebucket.s3.ap-northeast-2.amazonaws.com/question/bed.jpg','침대','2024-03-25 01:41:19','2024-03-25 01:41:19',0),(2,1,'https://andyimagebucket.s3.ap-northeast-2.amazonaws.com/question/chair.jpg','의자','2024-03-25 02:15:45','2024-03-25 02:15:45',0),(3,10,'https://andyimagebucket.s3.ap-northeast-2.amazonaws.com/question/apple/apple+(1).jpg','사과','2024-03-29 07:36:22','2024-03-29 07:36:22',0),(4,10,'https://andyimagebucket.s3.ap-northeast-2.amazonaws.com/question/apple/apple+(2).jpg','사과','2024-03-29 07:37:02','2024-03-29 07:37:02',0),(5,10,'https://andyimagebucket.s3.ap-northeast-2.amazonaws.com/question/apple/apple+(3).jpg','사과','2024-03-29 07:37:02','2024-03-29 07:37:02',0),(6,10,'https://andyimagebucket.s3.ap-northeast-2.amazonaws.com/question/apple/apple+(4).jpg','사과','2024-03-29 07:37:02','2024-03-29 07:37:02',0),(7,10,'https://andyimagebucket.s3.ap-northeast-2.amazonaws.com/question/apple/apple+(5).jpg','사과','2024-03-29 07:37:02','2024-03-29 07:37:02',0),(8,8,'https://andyimagebucket.s3.ap-northeast-2.amazonaws.com/question/bear/bear+(1).jpg','곰','2024-03-29 07:44:33','2024-03-29 07:44:33',0),(9,8,'https://andyimagebucket.s3.ap-northeast-2.amazonaws.com/question/bear/bear+(2).jpg','곰','2024-03-29 07:44:33','2024-03-29 07:44:33',0),(10,8,'https://andyimagebucket.s3.ap-northeast-2.amazonaws.com/question/bear/bear+(3).jpg','곰','2024-03-29 07:44:33','2024-03-29 07:44:33',0),(11,8,'https://andyimagebucket.s3.ap-northeast-2.amazonaws.com/question/bear/bear+(4).jpg','곰','2024-03-29 07:44:33','2024-03-29 07:44:33',0),(12,8,'https://andyimagebucket.s3.ap-northeast-2.amazonaws.com/question/bear/bear+(5).jpg','곰','2024-03-29 07:44:33','2024-03-29 07:44:33',0),(13,7,'https://andyimagebucket.s3.ap-northeast-2.amazonaws.com/question/broccoli/broccoli+(1).jpg','브로콜리','2024-03-29 07:46:43','2024-03-29 07:46:43',0),(14,7,'https://andyimagebucket.s3.ap-northeast-2.amazonaws.com/question/broccoli/broccoli+(2).jpg','브로콜리','2024-03-29 07:46:43','2024-03-29 07:46:43',0),(15,7,'https://andyimagebucket.s3.ap-northeast-2.amazonaws.com/question/broccoli/broccoli+(3).jpg','브로콜리','2024-03-29 07:46:43','2024-03-29 07:46:43',0),(16,7,'https://andyimagebucket.s3.ap-northeast-2.amazonaws.com/question/broccoli/broccoli+(4).jpg','브로콜리','2024-03-29 07:46:43','2024-03-29 07:46:43',0),(17,7,'https://andyimagebucket.s3.ap-northeast-2.amazonaws.com/question/broccoli/broccoli+(5).jpg','브로콜리','2024-03-29 07:46:43','2024-03-29 07:46:43',0),(18,11,'https://andyimagebucket.s3.ap-northeast-2.amazonaws.com/question/cap/cap+(1).jpg','모자','2024-03-29 07:48:04','2024-03-29 07:48:04',0),(19,11,'https://andyimagebucket.s3.ap-northeast-2.amazonaws.com/question/cap/cap+(2).jpg','모자','2024-03-29 07:48:04','2024-03-29 07:48:04',0),(20,11,'https://andyimagebucket.s3.ap-northeast-2.amazonaws.com/question/cap/cap+(3).jpg','모자','2024-03-29 07:48:04','2024-03-29 07:48:04',0),(21,11,'https://andyimagebucket.s3.ap-northeast-2.amazonaws.com/question/cap/cap+(4).jpg','모자','2024-03-29 07:48:04','2024-03-29 07:48:04',0),(22,11,'https://andyimagebucket.s3.ap-northeast-2.amazonaws.com/question/cap/cap+(5).jpg','모자','2024-03-29 07:48:04','2024-03-29 07:48:04',0),(23,7,'https://andyimagebucket.s3.ap-northeast-2.amazonaws.com/question/chair/chair+(1).jpg','의자','2024-03-29 07:49:11','2024-03-29 07:49:11',0),(24,7,'https://andyimagebucket.s3.ap-northeast-2.amazonaws.com/question/chair/chair+(2).jpg','의자','2024-03-29 07:49:11','2024-03-29 07:49:11',0),(25,7,'https://andyimagebucket.s3.ap-northeast-2.amazonaws.com/question/chair/chair+(3).jpg','의자','2024-03-29 07:49:11','2024-03-29 07:49:11',0),(26,7,'https://andyimagebucket.s3.ap-northeast-2.amazonaws.com/question/chair/chair+(4).jpg','의자','2024-03-29 07:49:11','2024-03-29 07:49:11',0),(27,7,'https://andyimagebucket.s3.ap-northeast-2.amazonaws.com/question/chair/chair+(5).jpg','의자','2024-03-29 07:49:11','2024-03-29 07:49:11',0),(28,7,'https://andyimagebucket.s3.ap-northeast-2.amazonaws.com/question/dog/dog+(1).jpg','강아지','2024-03-29 07:50:07','2024-03-29 07:50:07',0),(29,7,'https://andyimagebucket.s3.ap-northeast-2.amazonaws.com/question/dog/dog+(2).jpg','강아지','2024-03-29 07:50:07','2024-03-29 07:50:07',0),(30,7,'https://andyimagebucket.s3.ap-northeast-2.amazonaws.com/question/dog/dog+(3).jpg','강아지','2024-03-29 07:50:07','2024-03-29 07:50:07',0),(31,7,'https://andyimagebucket.s3.ap-northeast-2.amazonaws.com/question/dog/dog+(4).jpg','강아지','2024-03-29 07:50:07','2024-03-29 07:50:07',0),(32,7,'https://andyimagebucket.s3.ap-northeast-2.amazonaws.com/question/dog/dog+(5).jpg','강아지','2024-03-29 07:50:07','2024-03-29 07:50:07',0),(33,9,'https://andyimagebucket.s3.ap-northeast-2.amazonaws.com/question/door/door+(1).jpg','문','2024-03-29 07:51:07','2024-03-29 07:51:07',0),(34,9,'https://andyimagebucket.s3.ap-northeast-2.amazonaws.com/question/door/door+(2).jpg','문','2024-03-29 07:51:07','2024-03-29 07:51:07',0),(35,9,'https://andyimagebucket.s3.ap-northeast-2.amazonaws.com/question/door/door+(3).jpg','문','2024-03-29 07:51:07','2024-03-29 07:51:07',0),(36,9,'https://andyimagebucket.s3.ap-northeast-2.amazonaws.com/question/door/door+(4).jpg','문','2024-03-29 07:51:07','2024-03-29 07:51:07',0),(37,9,'https://andyimagebucket.s3.ap-northeast-2.amazonaws.com/question/door/door+(5).jpg','문','2024-03-29 07:51:07','2024-03-29 07:51:07',0),(38,8,'https://andyimagebucket.s3.ap-northeast-2.amazonaws.com/question/elephant/elephant+(1).jpg','코끼리','2024-03-29 07:57:41','2024-03-29 07:57:41',0),(39,8,'https://andyimagebucket.s3.ap-northeast-2.amazonaws.com/question/elephant/elephant+(2).jpg','코끼리','2024-03-29 07:57:41','2024-03-29 07:57:41',0),(40,8,'https://andyimagebucket.s3.ap-northeast-2.amazonaws.com/question/elephant/elephant+(3).jpg','코끼리','2024-03-29 07:57:41','2024-03-29 07:57:41',0),(41,8,'https://andyimagebucket.s3.ap-northeast-2.amazonaws.com/question/elephant/elephant+(4).jpg','코끼리','2024-03-29 07:57:42','2024-03-29 07:57:42',0),(42,8,'https://andyimagebucket.s3.ap-northeast-2.amazonaws.com/question/elephant/elephant+(5).jpg','코끼리','2024-03-29 07:57:42','2024-03-29 07:57:42',0),(43,9,'https://andyimagebucket.s3.ap-northeast-2.amazonaws.com/question/flowerpot/flowerpot+(1).jpg','화분','2024-03-29 07:59:34','2024-03-29 07:59:34',0),(44,9,'https://andyimagebucket.s3.ap-northeast-2.amazonaws.com/question/flowerpot/flowerpot+(2).jpg','화분','2024-03-29 07:59:34','2024-03-29 07:59:34',0),(45,9,'https://andyimagebucket.s3.ap-northeast-2.amazonaws.com/question/flowerpot/flowerpot+(3).jpg','화분','2024-03-29 07:59:34','2024-03-29 07:59:34',0),(46,9,'https://andyimagebucket.s3.ap-northeast-2.amazonaws.com/question/flowerpot/flowerpot+(4).jpg','화분','2024-03-29 07:59:34','2024-03-29 07:59:34',0),(47,9,'https://andyimagebucket.s3.ap-northeast-2.amazonaws.com/question/flowerpot/flowerpot+(5).jpg','화분','2024-03-29 07:59:34','2024-03-29 07:59:34',0),(53,11,'https://andyimagebucket.s3.ap-northeast-2.amazonaws.com/question/handbag/handbag+(1).jpg','핸드백','2024-03-29 08:06:13','2024-03-29 08:06:13',0),(54,11,'https://andyimagebucket.s3.ap-northeast-2.amazonaws.com/question/handbag/handbag+(2).jpg','핸드백','2024-03-29 08:06:13','2024-03-29 08:06:13',0),(55,11,'https://andyimagebucket.s3.ap-northeast-2.amazonaws.com/question/handbag/handbag+(3).jpg','핸드백','2024-03-29 08:06:13','2024-03-29 08:06:13',0),(56,11,'https://andyimagebucket.s3.ap-northeast-2.amazonaws.com/question/handbag/handbag+(4).jpg','핸드백','2024-03-29 08:06:14','2024-03-29 08:06:14',0),(57,11,'https://andyimagebucket.s3.ap-northeast-2.amazonaws.com/question/handbag/handbag+(5).jpg','핸드백','2024-03-29 08:06:14','2024-03-29 08:06:14',0),(58,8,'https://andyimagebucket.s3.ap-northeast-2.amazonaws.com/question/giraffe/giraffe+(1).jpg','기린','2024-03-29 08:08:48','2024-03-29 08:08:48',0),(59,8,'https://andyimagebucket.s3.ap-northeast-2.amazonaws.com/question/giraffe/giraffe+(2).jpg','기린','2024-03-29 08:08:48','2024-03-29 08:08:48',0),(60,8,'https://andyimagebucket.s3.ap-northeast-2.amazonaws.com/question/giraffe/giraffe+(3).jpg','기린','2024-03-29 08:08:48','2024-03-29 08:08:48',0),(61,8,'https://andyimagebucket.s3.ap-northeast-2.amazonaws.com/question/giraffe/giraffe+(4).jpg','기린','2024-03-29 08:08:48','2024-03-29 08:08:48',0),(62,8,'https://andyimagebucket.s3.ap-northeast-2.amazonaws.com/question/giraffe/giraffe+(5).jpg','기린','2024-03-29 08:08:48','2024-03-29 08:08:48',0),(63,8,'https://andyimagebucket.s3.ap-northeast-2.amazonaws.com/question/horse/horse+(1).jpg','말','2024-03-29 08:10:25','2024-03-29 08:10:25',0),(64,8,'https://andyimagebucket.s3.ap-northeast-2.amazonaws.com/question/horse/horse+(2).jpg','말','2024-03-29 08:10:25','2024-03-29 08:10:25',0),(65,8,'https://andyimagebucket.s3.ap-northeast-2.amazonaws.com/question/horse/horse+(3).jpg','말','2024-03-29 08:10:25','2024-03-29 08:10:25',0),(66,8,'https://andyimagebucket.s3.ap-northeast-2.amazonaws.com/question/horse/horse+(4).jpg','말','2024-03-29 08:10:25','2024-03-29 08:10:25',0),(67,8,'https://andyimagebucket.s3.ap-northeast-2.amazonaws.com/question/horse/horse+(5).jpg','말','2024-03-29 08:10:25','2024-03-29 08:10:25',0),(68,11,'https://andyimagebucket.s3.ap-northeast-2.amazonaws.com/question/mirror/mirror+(1).jpg','거울','2024-03-29 08:11:16','2024-03-29 08:11:16',0),(69,11,'https://andyimagebucket.s3.ap-northeast-2.amazonaws.com/question/mirror/mirror+(2).jpg','거울','2024-03-29 08:11:16','2024-03-29 08:11:16',0),(70,11,'https://andyimagebucket.s3.ap-northeast-2.amazonaws.com/question/mirror/mirror+(3).jpg','거울','2024-03-29 08:11:16','2024-03-29 08:11:16',0),(71,11,'https://andyimagebucket.s3.ap-northeast-2.amazonaws.com/question/mirror/mirror+(4).jpg','거울','2024-03-29 08:11:16','2024-03-29 08:11:16',0),(72,11,'https://andyimagebucket.s3.ap-northeast-2.amazonaws.com/question/mirror/mirror+(5).jpg','거울','2024-03-29 08:11:16','2024-03-29 08:11:16',0),(73,11,'https://andyimagebucket.s3.ap-northeast-2.amazonaws.com/question/necktie/necktie+(1).jpg','넥타이','2024-03-29 08:12:09','2024-03-29 08:12:09',0),(74,11,'https://andyimagebucket.s3.ap-northeast-2.amazonaws.com/question/necktie/necktie+(2).jpg','넥타이','2024-03-29 08:12:09','2024-03-29 08:12:09',0),(75,11,'https://andyimagebucket.s3.ap-northeast-2.amazonaws.com/question/necktie/necktie+(3).jpg','넥타이','2024-03-29 08:12:09','2024-03-29 08:12:09',0),(76,11,'https://andyimagebucket.s3.ap-northeast-2.amazonaws.com/question/necktie/necktie+(4).jpg','넥타이','2024-03-29 08:12:09','2024-03-29 08:12:09',0),(77,11,'https://andyimagebucket.s3.ap-northeast-2.amazonaws.com/question/necktie/necktie+(5).jpg','넥타이','2024-03-29 08:12:09','2024-03-29 08:12:09',0),(78,7,'https://andyimagebucket.s3.ap-northeast-2.amazonaws.com/question/notebook/notebook+(1).jpg','노트북','2024-03-29 08:13:09','2024-03-29 08:13:09',0),(79,7,'https://andyimagebucket.s3.ap-northeast-2.amazonaws.com/question/notebook/notebook+(2).jpg','노트북','2024-03-29 08:13:09','2024-03-29 08:13:09',0),(80,7,'https://andyimagebucket.s3.ap-northeast-2.amazonaws.com/question/notebook/notebook+(3).jpg','노트북','2024-03-29 08:13:09','2024-03-29 08:13:09',0),(81,7,'https://andyimagebucket.s3.ap-northeast-2.amazonaws.com/question/notebook/notebook+(4).jpg','노트북','2024-03-29 08:13:09','2024-03-29 08:13:09',0),(82,7,'https://andyimagebucket.s3.ap-northeast-2.amazonaws.com/question/notebook/notebook+(5).jpg','노트북','2024-03-29 08:13:09','2024-03-29 08:13:09',0),(83,10,'https://andyimagebucket.s3.ap-northeast-2.amazonaws.com/question/oven/oven+(1).jpg','오븐','2024-03-29 08:14:16','2024-03-29 08:14:16',0),(84,10,'https://andyimagebucket.s3.ap-northeast-2.amazonaws.com/question/oven/oven+(2).jpg','오븐','2024-03-29 08:14:16','2024-03-29 08:14:16',0),(85,10,'https://andyimagebucket.s3.ap-northeast-2.amazonaws.com/question/oven/oven+(3).jpg','오븐','2024-03-29 08:14:16','2024-03-29 08:14:16',0),(86,10,'https://andyimagebucket.s3.ap-northeast-2.amazonaws.com/question/oven/oven+(4).jpg','오븐','2024-03-29 08:14:16','2024-03-29 08:14:16',0),(87,10,'https://andyimagebucket.s3.ap-northeast-2.amazonaws.com/question/oven/oven+(5).jpg','오븐','2024-03-29 08:14:16','2024-03-29 08:14:16',0),(88,10,'https://andyimagebucket.s3.ap-northeast-2.amazonaws.com/question/refrigerator/refregerator+(1).jpg','냉장고','2024-03-29 08:15:08','2024-03-29 08:15:08',0),(89,10,'https://andyimagebucket.s3.ap-northeast-2.amazonaws.com/question/refrigerator/refregerator+(2).jpg','냉장고','2024-03-29 08:15:08','2024-03-29 08:15:08',0),(90,10,'https://andyimagebucket.s3.ap-northeast-2.amazonaws.com/question/refrigerator/refregerator+(3).jpg','냉장고','2024-03-29 08:15:08','2024-03-29 08:15:08',0),(91,10,'https://andyimagebucket.s3.ap-northeast-2.amazonaws.com/question/refrigerator/refregerator+(4).jpg','냉장고','2024-03-29 08:15:08','2024-03-29 08:15:08',0),(92,10,'https://andyimagebucket.s3.ap-northeast-2.amazonaws.com/question/refrigerator/refregerator+(5).jpg','냉장고','2024-03-29 08:15:08','2024-03-29 08:15:08',0),(93,7,'https://andyimagebucket.s3.ap-northeast-2.amazonaws.com/question/remotecontroller/remotecontroller+(1).jpg','리모컨','2024-03-29 08:16:16','2024-03-29 08:16:16',0),(94,7,'https://andyimagebucket.s3.ap-northeast-2.amazonaws.com/question/remotecontroller/remotecontroller+(2).jpg','리모컨','2024-03-29 08:16:16','2024-03-29 08:16:16',0),(95,7,'https://andyimagebucket.s3.ap-northeast-2.amazonaws.com/question/remotecontroller/remotecontroller+(3).jpg','리모컨','2024-03-29 08:16:16','2024-03-29 08:16:16',0),(96,7,'https://andyimagebucket.s3.ap-northeast-2.amazonaws.com/question/remotecontroller/remotecontroller+(4).jpg','리모컨','2024-03-29 08:16:16','2024-03-29 08:16:16',0),(97,7,'https://andyimagebucket.s3.ap-northeast-2.amazonaws.com/question/remotecontroller/remotecontroller+(5).jpg','리모컨','2024-03-29 08:16:16','2024-03-29 08:16:16',0),(98,9,'https://andyimagebucket.s3.ap-northeast-2.amazonaws.com/question/remotecontroller/remotecontroller+(1).jpg','리모컨','2024-03-29 08:16:40','2024-03-29 08:16:40',0),(99,9,'https://andyimagebucket.s3.ap-northeast-2.amazonaws.com/question/remotecontroller/remotecontroller+(2).jpg','리모컨','2024-03-29 08:16:40','2024-03-29 08:16:40',0),(100,9,'https://andyimagebucket.s3.ap-northeast-2.amazonaws.com/question/remotecontroller/remotecontroller+(3).jpg','리모컨','2024-03-29 08:16:40','2024-03-29 08:16:40',0),(101,9,'https://andyimagebucket.s3.ap-northeast-2.amazonaws.com/question/remotecontroller/remotecontroller+(4).jpg','리모컨','2024-03-29 08:16:40','2024-03-29 08:16:40',0),(102,9,'https://andyimagebucket.s3.ap-northeast-2.amazonaws.com/question/remotecontroller/remotecontroller+(5).jpg','리모컨','2024-03-29 08:16:40','2024-03-29 08:16:40',0),(103,10,'https://andyimagebucket.s3.ap-northeast-2.amazonaws.com/question/sink/sink+(1).jpg','싱크대','2024-03-29 08:17:33','2024-03-29 08:17:33',0),(104,10,'https://andyimagebucket.s3.ap-northeast-2.amazonaws.com/question/sink/sink+(2).jpg','싱크대','2024-03-29 08:17:33','2024-03-29 08:17:33',0),(105,10,'https://andyimagebucket.s3.ap-northeast-2.amazonaws.com/question/sink/sink+(3).jpg','싱크대','2024-03-29 08:17:33','2024-03-29 08:17:33',0),(106,10,'https://andyimagebucket.s3.ap-northeast-2.amazonaws.com/question/sink/sink+(4).jpg','싱크대','2024-03-29 08:17:33','2024-03-29 08:17:33',0),(107,10,'https://andyimagebucket.s3.ap-northeast-2.amazonaws.com/question/sink/sink+(5).jpg','싱크대','2024-03-29 08:17:33','2024-03-29 08:17:33',0),(108,11,'https://andyimagebucket.s3.ap-northeast-2.amazonaws.com/question/sneakers/sneakers+(1).jpg','운동화','2024-03-29 08:19:15','2024-03-29 08:19:15',0),(109,11,'https://andyimagebucket.s3.ap-northeast-2.amazonaws.com/question/sneakers/sneakers+(2).jpg','운동화','2024-03-29 08:19:15','2024-03-29 08:19:15',0),(110,11,'https://andyimagebucket.s3.ap-northeast-2.amazonaws.com/question/sneakers/sneakers+(3).jpg','운동화','2024-03-29 08:19:15','2024-03-29 08:19:15',0),(111,11,'https://andyimagebucket.s3.ap-northeast-2.amazonaws.com/question/sneakers/sneakers+(4).jpg','운동화','2024-03-29 08:19:15','2024-03-29 08:19:15',0),(112,11,'https://andyimagebucket.s3.ap-northeast-2.amazonaws.com/question/sneakers/sneakers+(5).jpg','운동화','2024-03-29 08:19:15','2024-03-29 08:19:15',0),(113,9,'https://andyimagebucket.s3.ap-northeast-2.amazonaws.com/question/sofa/sofa+(1).jpg','소파','2024-03-29 08:20:15','2024-03-29 08:20:15',0),(114,9,'https://andyimagebucket.s3.ap-northeast-2.amazonaws.com/question/sofa/sofa+(2).jpg','소파','2024-03-29 08:20:15','2024-03-29 08:20:15',0),(115,9,'https://andyimagebucket.s3.ap-northeast-2.amazonaws.com/question/sofa/sofa+(3).jpg','소파','2024-03-29 08:20:15','2024-03-29 08:20:15',0),(116,9,'https://andyimagebucket.s3.ap-northeast-2.amazonaws.com/question/sofa/sofa+(4).jpg','소파','2024-03-29 08:20:15','2024-03-29 08:20:15',0),(117,9,'https://andyimagebucket.s3.ap-northeast-2.amazonaws.com/question/sofa/sofa+(5).jpg','소파','2024-03-29 08:20:15','2024-03-29 08:20:15',0),(118,9,'https://andyimagebucket.s3.ap-northeast-2.amazonaws.com/question/table/table+(1).jpg','식탁','2024-03-29 08:21:04','2024-03-29 08:21:04',0),(119,9,'https://andyimagebucket.s3.ap-northeast-2.amazonaws.com/question/table/table+(2).jpg','식탁','2024-03-29 08:21:04','2024-03-29 08:21:04',0),(120,9,'https://andyimagebucket.s3.ap-northeast-2.amazonaws.com/question/table/table+(3).jpg','식탁','2024-03-29 08:21:04','2024-03-29 08:21:04',0),(121,9,'https://andyimagebucket.s3.ap-northeast-2.amazonaws.com/question/table/table+(4).jpg','식탁','2024-03-29 08:21:04','2024-03-29 08:21:04',0),(122,9,'https://andyimagebucket.s3.ap-northeast-2.amazonaws.com/question/table/table+(5).jpg','식탁','2024-03-29 08:21:04','2024-03-29 08:21:04',0),(128,10,'https://andyimagebucket.s3.ap-northeast-2.amazonaws.com/question/toaster/toaster+(1).jpg','토스터','2024-03-29 08:49:14','2024-03-29 08:49:14',0),(129,10,'https://andyimagebucket.s3.ap-northeast-2.amazonaws.com/question/toaster/toaster+(2).jpg','토스터','2024-03-29 08:49:14','2024-03-29 08:49:14',0),(130,10,'https://andyimagebucket.s3.ap-northeast-2.amazonaws.com/question/toaster/toaster+(3).jpg','토스터','2024-03-29 08:49:14','2024-03-29 08:49:14',0),(131,10,'https://andyimagebucket.s3.ap-northeast-2.amazonaws.com/question/toaster/toaster+(4).jpg','토스터','2024-03-29 08:49:14','2024-03-29 08:49:14',0),(132,10,'https://andyimagebucket.s3.ap-northeast-2.amazonaws.com/question/toaster/toaster+(5).jpg','토스터','2024-03-29 08:49:14','2024-03-29 08:49:14',0),(133,8,'https://andyimagebucket.s3.ap-northeast-2.amazonaws.com/question/zebra/zebra+(1).jpg','얼룩말','2024-03-29 08:50:42','2024-03-29 08:50:42',0),(134,8,'https://andyimagebucket.s3.ap-northeast-2.amazonaws.com/question/zebra/zebra+(2).jpg','얼룩말','2024-03-29 08:50:42','2024-03-29 08:50:42',0),(135,8,'https://andyimagebucket.s3.ap-northeast-2.amazonaws.com/question/zebra/zebra+(3).jpg','얼룩말','2024-03-29 08:50:42','2024-03-29 08:50:42',0),(136,8,'https://andyimagebucket.s3.ap-northeast-2.amazonaws.com/question/zebra/zebra+(4).jpg','얼룩말','2024-03-29 08:50:42','2024-03-29 08:50:42',0),(137,8,'https://andyimagebucket.s3.ap-northeast-2.amazonaws.com/question/zebra/zebra+(5).jpg','얼룩말','2024-03-29 08:50:42','2024-03-29 08:50:42',0);
/*!40000 ALTER TABLE `question` ENABLE KEYS */;
UNLOCK TABLES;

--
-- Table structure for table `question_history`
--

DROP TABLE IF EXISTS `question_history`;
/*!40101 SET @saved_cs_client     = @@character_set_client */;
/*!50503 SET character_set_client = utf8mb4 */;
CREATE TABLE `question_history` (
  `question_history_seq` int NOT NULL AUTO_INCREMENT,
  `exam_seq` int NOT NULL COMMENT '1',
  `question_seq` int NOT NULL COMMENT '12',
  `question_history_is_ok` tinyint(1) NOT NULL DEFAULT '0' COMMENT 'false',
  `created_at` datetime NOT NULL DEFAULT CURRENT_TIMESTAMP,
  `updated_at` datetime NOT NULL DEFAULT CURRENT_TIMESTAMP,
  `is_deleted` tinyint(1) NOT NULL DEFAULT '0',
  `child_seq` int NOT NULL,
  `exam_mode` char(1) NOT NULL,
  PRIMARY KEY (`question_history_seq`)
) ENGINE=InnoDB AUTO_INCREMENT=544 DEFAULT CHARSET=utf8mb4 COLLATE=utf8mb4_0900_ai_ci;
/*!40101 SET character_set_client = @saved_cs_client */;

--
-- Dumping data for table `question_history`
--

LOCK TABLES `question_history` WRITE;
/*!40000 ALTER TABLE `question_history` DISABLE KEYS */;
INSERT INTO `question_history` VALUES (1,19,1,1,'2024-03-25 12:37:08','2024-03-25 13:59:08',0,1,'A'),(2,19,2,1,'2024-03-25 12:37:08','2024-03-25 12:37:08',0,1,'A'),(3,20,1,0,'2024-03-25 12:39:49','2024-03-25 12:39:49',0,1,'A'),(4,20,2,1,'2024-03-25 12:39:49','2024-03-25 12:39:49',0,1,'A'),(5,21,1,0,'2024-03-25 12:41:14','2024-03-25 12:41:14',0,1,'A'),(6,21,2,1,'2024-03-25 12:41:14','2024-03-25 12:41:14',0,1,'A'),(7,22,1,0,'2024-03-25 12:42:01','2024-03-25 12:42:01',0,1,'A'),(8,22,2,1,'2024-03-25 12:42:01','2024-03-25 12:42:01',0,1,'A'),(9,23,1,0,'2024-03-25 06:55:56','2024-03-25 06:55:56',0,1,'A'),(10,23,2,1,'2024-03-25 06:55:56','2024-03-25 06:55:56',0,1,'A'),(11,24,1,0,'2024-03-25 07:41:23','2024-03-25 07:41:23',0,1,'A'),(12,24,2,1,'2024-03-25 07:41:23','2024-03-25 07:41:23',0,1,'A'),(13,25,1,0,'2024-03-27 02:09:17','2024-03-27 02:09:17',0,35,'A'),(14,26,1,0,'2024-03-27 02:09:17','2024-03-27 02:09:17',0,35,'A'),(15,26,2,0,'2024-03-27 02:09:17','2024-03-27 02:09:17',0,35,'A'),(16,25,2,0,'2024-03-27 02:09:17','2024-03-27 02:09:17',0,35,'A'),(17,27,1,0,'2024-03-27 02:09:21','2024-03-27 02:09:21',0,35,'A'),(18,27,2,0,'2024-03-27 02:09:21','2024-03-27 02:09:21',0,35,'A'),(19,28,1,0,'2024-03-27 02:12:12','2024-03-27 02:12:12',0,35,'A'),(20,28,2,0,'2024-03-27 02:12:12','2024-03-27 02:12:12',0,35,'A'),(21,29,1,0,'2024-03-27 02:12:12','2024-03-27 02:12:12',0,35,'A'),(22,29,2,0,'2024-03-27 02:12:12','2024-03-27 02:12:12',0,35,'A'),(23,30,1,0,'2024-03-27 02:13:12','2024-03-27 02:13:12',0,35,'A'),(24,30,2,0,'2024-03-27 02:13:12','2024-03-27 02:13:12',0,35,'A'),(25,31,1,0,'2024-03-27 02:16:10','2024-03-27 02:16:10',0,35,'A'),(26,31,2,0,'2024-03-27 02:16:10','2024-03-27 02:16:10',0,35,'A'),(27,32,1,0,'2024-03-27 02:16:13','2024-03-27 02:16:13',0,35,'A'),(28,32,2,0,'2024-03-27 02:16:13','2024-03-27 02:16:13',0,35,'A'),(29,33,1,0,'2024-03-27 03:38:23','2024-03-27 03:38:23',0,35,'A'),(30,34,1,0,'2024-03-27 03:38:58','2024-03-27 03:38:58',0,35,'A'),(31,35,1,0,'2024-03-27 03:39:13','2024-03-27 03:39:13',0,35,'A'),(32,36,1,0,'2024-03-27 03:39:59','2024-03-27 03:39:59',0,35,'A'),(33,37,1,0,'2024-03-27 03:40:18','2024-03-27 03:40:18',0,35,'A'),(34,38,1,0,'2024-03-27 03:47:56','2024-03-27 03:47:56',0,35,'A'),(35,38,2,0,'2024-03-27 03:47:56','2024-03-27 03:47:56',0,35,'A'),(36,39,1,0,'2024-03-27 03:51:43','2024-03-27 03:51:43',0,35,'A'),(37,39,2,0,'2024-03-27 03:51:43','2024-03-27 03:51:43',0,35,'A'),(38,40,1,0,'2024-03-27 03:51:53','2024-03-27 03:51:53',0,35,'A'),(39,40,2,0,'2024-03-27 03:51:53','2024-03-27 03:51:53',0,35,'A'),(40,41,1,0,'2024-03-27 03:53:52','2024-03-27 03:53:52',0,35,'A'),(41,41,2,0,'2024-03-27 03:53:52','2024-03-27 03:53:52',0,35,'A'),(42,42,1,0,'2024-03-27 03:54:02','2024-03-27 03:54:02',0,35,'A'),(43,42,2,0,'2024-03-27 03:54:02','2024-03-27 03:54:02',0,35,'A'),(44,43,1,0,'2024-03-27 03:55:12','2024-03-27 03:55:12',0,35,'A'),(45,43,2,0,'2024-03-27 03:55:12','2024-03-27 03:55:12',0,35,'A'),(46,44,1,0,'2024-03-27 03:55:15','2024-03-27 03:55:15',0,35,'A'),(47,44,2,0,'2024-03-27 03:55:15','2024-03-27 03:55:15',0,35,'A'),(48,45,1,0,'2024-03-27 03:56:28','2024-03-27 03:56:28',0,35,'A'),(49,45,2,0,'2024-03-27 03:56:28','2024-03-27 03:56:28',0,35,'A'),(50,46,1,0,'2024-03-27 03:56:30','2024-03-27 03:56:30',0,35,'A'),(51,46,2,0,'2024-03-27 03:56:30','2024-03-27 03:56:30',0,35,'A'),(52,47,1,0,'2024-03-27 03:57:29','2024-03-27 03:57:29',0,35,'A'),(53,47,2,0,'2024-03-27 03:57:29','2024-03-27 03:57:29',0,35,'A'),(54,48,1,0,'2024-03-27 03:57:38','2024-03-27 03:57:38',0,35,'A'),(55,48,2,0,'2024-03-27 03:57:38','2024-03-27 03:57:38',0,35,'A'),(56,49,1,0,'2024-03-27 03:58:10','2024-03-27 03:58:10',0,35,'A'),(57,49,2,0,'2024-03-27 03:58:10','2024-03-27 03:58:10',0,35,'A'),(58,50,1,0,'2024-03-27 03:59:10','2024-03-27 03:59:10',0,35,'A'),(59,50,2,0,'2024-03-27 03:59:10','2024-03-27 03:59:10',0,35,'A'),(60,51,1,0,'2024-03-27 03:59:31','2024-03-27 03:59:31',0,35,'A'),(61,51,2,0,'2024-03-27 03:59:31','2024-03-27 03:59:31',0,35,'A'),(62,52,1,0,'2024-03-27 03:59:59','2024-03-27 03:59:59',0,35,'A'),(63,52,2,0,'2024-03-27 03:59:59','2024-03-27 03:59:59',0,35,'A'),(64,53,1,0,'2024-03-27 04:00:28','2024-03-27 04:00:28',0,35,'A'),(65,53,2,0,'2024-03-27 04:00:28','2024-03-27 04:00:28',0,35,'A'),(66,54,1,0,'2024-03-27 04:14:16','2024-03-27 04:14:16',0,35,'A'),(67,54,2,0,'2024-03-27 04:14:16','2024-03-27 04:14:16',0,35,'A'),(68,55,1,0,'2024-03-27 05:17:04','2024-03-27 05:17:04',0,35,'A'),(69,55,2,0,'2024-03-27 05:17:04','2024-03-27 05:17:04',0,35,'A'),(70,56,1,0,'2024-03-27 06:51:17','2024-03-27 06:51:17',0,35,'A'),(71,56,2,0,'2024-03-27 06:51:17','2024-03-27 06:51:17',0,35,'A'),(72,57,1,0,'2024-03-27 06:55:55','2024-03-27 06:55:55',0,35,'A'),(73,57,2,0,'2024-03-27 06:55:55','2024-03-27 06:55:55',0,35,'A'),(74,58,1,1,'2024-03-27 07:00:09','2024-03-27 07:00:09',0,35,'A'),(75,58,2,1,'2024-03-27 07:00:09','2024-03-27 07:00:09',0,35,'A'),(76,59,1,0,'2024-03-27 07:03:38','2024-03-27 07:03:38',0,34,'A'),(77,59,2,0,'2024-03-27 07:03:38','2024-03-27 07:03:38',0,34,'A'),(78,60,1,1,'2024-03-28 02:00:47','2024-03-28 02:00:47',0,35,'A'),(79,60,2,0,'2024-03-28 02:00:47','2024-03-28 02:00:47',0,35,'A'),(80,61,1,0,'2024-03-28 02:01:13','2024-03-28 02:01:13',0,34,'A'),(81,61,2,0,'2024-03-28 02:01:13','2024-03-28 02:01:13',0,34,'A'),(82,62,1,0,'2024-03-28 02:01:14','2024-03-28 02:01:14',0,35,'A'),(83,62,2,1,'2024-03-28 02:01:14','2024-03-28 02:01:14',0,35,'A'),(84,63,1,0,'2024-03-28 02:03:33','2024-03-28 02:03:33',0,35,'A'),(85,63,2,1,'2024-03-28 02:03:33','2024-03-28 02:03:33',0,35,'A'),(86,64,1,0,'2024-03-28 02:04:41','2024-03-28 02:04:41',0,34,'A'),(87,64,2,0,'2024-03-28 02:04:41','2024-03-28 02:04:41',0,34,'A'),(88,65,1,0,'2024-03-28 02:05:30','2024-03-28 02:05:30',0,35,'A'),(89,65,2,1,'2024-03-28 02:05:30','2024-03-28 02:05:30',0,35,'A'),(90,66,1,0,'2024-03-28 02:07:12','2024-03-28 02:07:12',0,1,'A'),(91,66,2,0,'2024-03-28 02:07:12','2024-03-28 02:07:12',0,1,'A'),(92,73,1,0,'2024-03-28 04:19:41','2024-03-28 04:19:41',0,35,'B'),(93,73,2,0,'2024-03-28 04:19:41','2024-03-28 04:19:41',0,35,'B'),(94,74,1,0,'2024-03-28 04:21:43','2024-03-28 04:21:43',0,35,'B'),(95,74,2,0,'2024-03-28 04:21:43','2024-03-28 04:21:43',0,35,'B'),(96,75,1,0,'2024-03-28 05:59:09','2024-03-28 05:59:09',0,35,'A'),(97,75,2,0,'2024-03-28 05:59:09','2024-03-28 05:59:09',0,35,'A'),(98,76,1,1,'2024-03-28 06:00:30','2024-03-28 06:00:30',0,35,'A'),(99,76,2,1,'2024-03-28 06:00:30','2024-03-28 06:00:30',0,35,'A'),(100,77,1,1,'2024-03-28 06:01:56','2024-03-28 06:01:56',0,35,'B'),(101,77,2,0,'2024-03-28 06:01:56','2024-03-28 06:01:56',0,35,'B'),(102,78,1,0,'2024-03-28 06:05:34','2024-03-28 06:05:34',0,1,'A'),(103,78,2,0,'2024-03-28 06:05:34','2024-03-28 06:05:34',0,1,'A'),(104,79,1,0,'2024-03-28 06:05:54','2024-03-28 06:05:54',0,1,'A'),(105,79,2,1,'2024-03-28 06:05:54','2024-03-28 06:05:54',0,1,'A'),(106,80,1,0,'2024-03-28 07:45:46','2024-03-28 07:45:46',0,35,'A'),(107,80,2,0,'2024-03-28 07:45:46','2024-03-28 07:45:46',0,35,'A'),(108,81,1,1,'2024-03-28 07:51:45','2024-03-28 07:51:45',0,34,'B'),(109,81,2,1,'2024-03-28 07:51:45','2024-03-28 07:51:45',0,34,'B'),(110,82,1,0,'2024-03-28 08:31:49','2024-03-28 08:31:49',0,1,'A'),(111,82,2,1,'2024-03-28 08:31:49','2024-03-28 08:31:49',0,1,'A'),(112,83,1,0,'2024-03-28 15:21:05','2024-03-28 15:21:05',0,48,'A'),(113,83,2,0,'2024-03-28 15:21:05','2024-03-28 15:21:05',0,48,'A'),(114,84,1,1,'2024-03-28 15:22:10','2024-03-28 15:22:10',0,48,'A'),(115,84,2,1,'2024-03-28 15:22:10','2024-03-28 15:22:10',0,48,'A'),(116,85,1,0,'2024-03-30 12:11:35','2024-03-30 12:11:35',0,1,'A'),(117,85,2,0,'2024-03-30 12:11:35','2024-03-30 12:11:35',0,1,'A'),(118,86,1,0,'2024-03-30 12:11:56','2024-03-30 12:11:56',0,1,'A'),(119,86,2,0,'2024-03-30 12:11:56','2024-03-30 12:11:56',0,1,'A'),(120,87,1,0,'2024-03-30 12:12:46','2024-03-30 12:12:46',0,1,'A'),(121,87,2,0,'2024-03-30 12:12:46','2024-03-30 12:12:46',0,1,'A'),(122,88,1,0,'2024-03-30 12:14:48','2024-03-30 12:14:48',0,1,'A'),(123,88,2,0,'2024-03-30 12:14:48','2024-03-30 12:14:48',0,1,'A'),(124,89,1,0,'2024-03-31 05:06:27','2024-03-31 05:06:27',0,35,'B'),(125,89,2,0,'2024-03-31 05:06:27','2024-03-31 05:06:27',0,35,'B'),(126,90,1,0,'2024-03-31 05:08:45','2024-03-31 05:08:45',0,35,'B'),(127,90,2,0,'2024-03-31 05:08:45','2024-03-31 05:08:45',0,35,'B'),(128,91,1,0,'2024-03-31 08:44:05','2024-03-31 08:44:05',0,35,'B'),(129,91,2,0,'2024-03-31 08:44:05','2024-03-31 08:44:05',0,35,'B'),(130,92,1,1,'2024-03-31 09:48:33','2024-03-31 09:48:33',0,51,'B'),(131,92,2,1,'2024-03-31 09:48:33','2024-03-31 09:48:33',0,51,'B'),(132,93,1,0,'2024-03-31 12:40:39','2024-03-31 12:40:39',0,35,'A'),(133,93,2,0,'2024-03-31 12:40:39','2024-03-31 12:40:39',0,35,'A'),(134,94,1,1,'2024-03-31 12:44:39','2024-03-31 12:44:39',0,51,'B'),(135,94,2,1,'2024-03-31 12:44:39','2024-03-31 12:44:39',0,51,'B'),(136,95,1,0,'2024-04-01 01:49:56','2024-04-01 01:49:56',0,35,'A'),(137,95,1,0,'2024-04-01 01:49:56','2024-04-01 01:49:56',0,35,'A'),(138,96,1,0,'2024-04-01 02:02:48','2024-04-01 02:02:48',0,35,'A'),(139,96,1,0,'2024-04-01 02:02:48','2024-04-01 02:02:48',0,35,'A'),(140,97,1,0,'2024-04-01 02:07:19','2024-04-01 02:07:19',0,35,'A'),(141,97,1,0,'2024-04-01 02:07:19','2024-04-01 02:07:19',0,35,'A'),(142,98,1,0,'2024-04-01 02:08:48','2024-04-01 02:08:48',0,35,'A'),(143,98,1,0,'2024-04-01 02:08:48','2024-04-01 02:08:48',0,35,'A'),(144,99,1,0,'2024-04-01 02:08:56','2024-04-01 02:08:56',0,1,'A'),(145,99,2,1,'2024-04-01 02:08:56','2024-04-01 02:08:56',0,1,'A'),(146,100,1,0,'2024-04-01 02:09:57','2024-04-01 02:09:57',0,1,'A'),(147,100,2,1,'2024-04-01 02:09:57','2024-04-01 02:09:57',0,1,'A'),(148,101,1,0,'2024-04-01 02:10:56','2024-04-01 02:10:56',0,1,'A'),(149,101,2,1,'2024-04-01 02:10:56','2024-04-01 02:10:56',0,1,'A'),(150,102,1,0,'2024-04-01 02:11:47','2024-04-01 02:11:47',0,1,'A'),(151,102,2,1,'2024-04-01 02:11:47','2024-04-01 02:11:47',0,1,'A'),(152,103,1,0,'2024-04-01 02:12:09','2024-04-01 02:12:09',0,1,'A'),(153,103,2,1,'2024-04-01 02:12:09','2024-04-01 02:12:09',0,1,'A'),(154,104,1,0,'2024-04-01 04:09:51','2024-04-01 04:09:51',0,35,'A'),(155,104,1,0,'2024-04-01 04:09:51','2024-04-01 04:09:51',0,35,'A'),(156,105,1,0,'2024-04-01 06:24:11','2024-04-01 06:24:11',0,35,'A'),(157,105,2,1,'2024-04-01 06:24:11','2024-04-01 06:24:11',0,35,'A'),(158,106,1,0,'2024-04-01 06:32:21','2024-04-01 06:32:21',0,68,'A'),(159,106,2,1,'2024-04-01 06:32:21','2024-04-01 06:32:21',0,68,'A'),(160,107,1,1,'2024-04-01 06:33:08','2024-04-01 06:33:08',0,68,'B'),(161,107,2,0,'2024-04-01 06:33:08','2024-04-01 06:33:08',0,68,'B'),(162,108,1,0,'2024-04-01 06:33:20','2024-04-01 06:33:20',0,67,'B'),(163,108,2,0,'2024-04-01 06:33:20','2024-04-01 06:33:20',0,67,'B'),(164,109,1,0,'2024-04-01 06:45:04','2024-04-01 06:45:04',0,70,'A'),(165,109,2,1,'2024-04-01 06:45:04','2024-04-01 06:45:04',0,70,'A'),(166,110,1,0,'2024-04-01 06:45:42','2024-04-01 06:45:42',0,70,'A'),(167,110,2,0,'2024-04-01 06:45:42','2024-04-01 06:45:42',0,70,'A'),(168,111,1,1,'2024-04-01 07:08:16','2024-04-01 07:08:16',0,35,'B'),(169,111,2,1,'2024-04-01 07:08:16','2024-04-01 07:08:16',0,35,'B'),(170,112,1,0,'2024-04-01 07:56:28','2024-04-01 07:56:28',0,35,'B'),(171,113,1,0,'2024-04-01 08:33:13','2024-04-01 08:33:13',0,51,'A'),(172,113,2,1,'2024-04-01 08:33:13','2024-04-01 08:33:13',0,51,'A'),(173,114,1,1,'2024-04-01 08:36:40','2024-04-01 08:36:40',0,51,'B'),(174,114,2,1,'2024-04-01 08:36:40','2024-04-01 08:36:40',0,51,'B'),(175,115,2,0,'2024-04-01 08:47:52','2024-04-01 08:47:52',0,51,'B'),(176,116,1,0,'2024-04-01 09:04:06','2024-04-01 09:04:06',0,51,'A'),(177,116,2,0,'2024-04-01 09:04:06','2024-04-01 09:04:06',0,51,'A'),(178,117,1,0,'2024-04-01 11:50:25','2024-04-01 11:50:25',0,46,'A'),(179,117,2,0,'2024-04-01 11:50:25','2024-04-01 11:50:25',0,46,'A'),(180,119,15,0,'2024-04-01 12:45:59','2024-04-01 12:45:59',0,66,'A'),(181,119,25,0,'2024-04-01 12:45:59','2024-04-01 12:45:59',0,66,'A'),(182,119,28,0,'2024-04-01 12:45:59','2024-04-01 12:45:59',0,66,'A'),(183,119,78,0,'2024-04-01 12:45:59','2024-04-01 12:45:59',0,66,'A'),(184,119,93,0,'2024-04-01 12:45:59','2024-04-01 12:45:59',0,66,'A'),(185,120,16,1,'2024-04-01 12:49:16','2024-04-01 12:49:16',0,66,'B'),(186,120,25,1,'2024-04-01 12:49:16','2024-04-01 12:49:16',0,66,'B'),(187,120,28,1,'2024-04-01 12:49:16','2024-04-01 12:49:16',0,66,'B'),(188,120,79,1,'2024-04-01 12:49:16','2024-04-01 12:49:16',0,66,'B'),(189,120,96,0,'2024-04-01 12:49:16','2024-04-01 12:49:16',0,66,'B'),(190,121,1,0,'2024-04-01 13:01:24','2024-04-01 13:01:24',0,76,'B'),(191,121,2,1,'2024-04-01 13:01:24','2024-04-01 13:01:24',0,76,'B'),(192,122,1,0,'2024-04-01 13:03:49','2024-04-01 13:03:49',0,78,'B'),(193,122,2,1,'2024-04-01 13:03:49','2024-04-01 13:03:49',0,78,'B'),(194,123,15,1,'2024-04-01 13:10:53','2024-04-01 13:10:53',0,66,'B'),(195,123,23,1,'2024-04-01 13:10:53','2024-04-01 13:10:53',0,66,'B'),(196,123,30,1,'2024-04-01 13:10:53','2024-04-01 13:10:53',0,66,'B'),(197,123,80,0,'2024-04-01 13:10:53','2024-04-01 13:10:53',0,66,'B'),(198,123,96,1,'2024-04-01 13:10:53','2024-04-01 13:10:53',0,66,'B'),(199,124,1,0,'2024-04-01 14:24:52','2024-04-01 14:24:52',0,35,'A'),(200,124,2,0,'2024-04-01 14:24:52','2024-04-01 14:24:52',0,35,'A'),(201,125,1,0,'2024-04-01 14:25:20','2024-04-01 14:25:20',0,35,'A'),(202,125,2,0,'2024-04-01 14:25:20','2024-04-01 14:25:20',0,35,'A'),(203,126,1,1,'2024-04-01 15:11:01','2024-04-01 15:11:01',0,51,'A'),(204,126,2,0,'2024-04-01 15:11:01','2024-04-01 15:11:01',0,51,'A'),(205,127,1,0,'2024-04-01 15:13:06','2024-04-01 15:13:06',0,51,'A'),(206,127,2,1,'2024-04-01 15:13:06','2024-04-01 15:13:06',0,51,'A'),(207,128,1,0,'2024-04-02 00:28:57','2024-04-02 00:28:57',0,35,'A'),(208,128,2,0,'2024-04-02 00:28:57','2024-04-02 00:28:57',0,35,'A'),(209,129,14,1,'2024-04-02 00:29:35','2024-04-02 00:29:35',0,82,'B'),(210,129,25,1,'2024-04-02 00:29:35','2024-04-02 00:29:35',0,82,'B'),(211,129,30,0,'2024-04-02 00:29:35','2024-04-02 00:29:35',0,82,'B'),(212,129,81,1,'2024-04-02 00:29:35','2024-04-02 00:29:35',0,82,'B'),(213,129,95,0,'2024-04-02 00:29:35','2024-04-02 00:29:35',0,82,'B'),(214,130,1,0,'2024-04-02 01:11:05','2024-04-02 01:11:05',0,83,'A'),(215,130,2,1,'2024-04-02 01:11:05','2024-04-02 01:11:05',0,83,'A'),(216,131,1,0,'2024-04-02 01:30:32','2024-04-02 01:30:32',0,35,'A'),(217,131,2,0,'2024-04-02 01:30:32','2024-04-02 01:30:32',0,35,'A'),(218,132,14,1,'2024-04-02 04:00:22','2024-04-02 04:00:22',0,66,'A'),(219,132,25,1,'2024-04-02 04:00:22','2024-04-02 04:00:22',0,66,'A'),(220,132,32,1,'2024-04-02 04:00:22','2024-04-02 04:00:22',0,66,'A'),(221,132,78,0,'2024-04-02 04:00:22','2024-04-02 04:00:22',0,66,'A'),(222,132,94,0,'2024-04-02 04:00:22','2024-04-02 04:00:22',0,66,'A'),(223,133,15,1,'2024-04-02 04:16:53','2024-04-02 04:16:53',0,86,'A'),(224,133,23,1,'2024-04-02 04:16:53','2024-04-02 04:16:53',0,86,'A'),(225,133,28,0,'2024-04-02 04:16:53','2024-04-02 04:16:53',0,86,'A'),(226,133,81,1,'2024-04-02 04:16:53','2024-04-02 04:16:53',0,86,'A'),(227,133,94,1,'2024-04-02 04:16:53','2024-04-02 04:16:53',0,86,'A'),(228,134,17,1,'2024-04-02 04:18:50','2024-04-02 04:18:50',0,86,'A'),(229,134,23,1,'2024-04-02 04:18:50','2024-04-02 04:18:50',0,86,'A'),(230,134,30,1,'2024-04-02 04:18:50','2024-04-02 04:18:50',0,86,'A'),(231,134,82,0,'2024-04-02 04:18:50','2024-04-02 04:18:50',0,86,'A'),(232,134,96,0,'2024-04-02 04:18:50','2024-04-02 04:18:50',0,86,'A'),(233,135,13,1,'2024-04-02 04:20:03','2024-04-02 04:20:03',0,86,'B'),(234,135,25,1,'2024-04-02 04:20:03','2024-04-02 04:20:03',0,86,'B'),(235,135,30,1,'2024-04-02 04:20:03','2024-04-02 04:20:03',0,86,'B'),(236,135,80,1,'2024-04-02 04:20:03','2024-04-02 04:20:03',0,86,'B'),(237,135,97,1,'2024-04-02 04:20:03','2024-04-02 04:20:03',0,86,'B'),(238,136,14,1,'2024-04-02 04:27:47','2024-04-02 04:27:47',0,34,'B'),(239,136,24,1,'2024-04-02 04:27:47','2024-04-02 04:27:47',0,34,'B'),(240,136,29,1,'2024-04-02 04:27:47','2024-04-02 04:27:47',0,34,'B'),(241,136,82,0,'2024-04-02 04:27:47','2024-04-02 04:27:47',0,34,'B'),(242,136,95,1,'2024-04-02 04:27:47','2024-04-02 04:27:47',0,34,'B'),(243,137,15,0,'2024-04-02 04:31:54','2024-04-02 04:31:54',0,34,'B'),(244,137,26,1,'2024-04-02 04:31:54','2024-04-02 04:31:54',0,34,'B'),(245,137,28,1,'2024-04-02 04:31:54','2024-04-02 04:31:54',0,34,'B'),(246,137,82,1,'2024-04-02 04:31:54','2024-04-02 04:31:54',0,34,'B'),(247,137,96,1,'2024-04-02 04:31:54','2024-04-02 04:31:54',0,34,'B'),(248,138,15,0,'2024-04-02 04:32:46','2024-04-02 04:32:46',0,34,'B'),(249,138,26,0,'2024-04-02 04:32:46','2024-04-02 04:32:46',0,34,'B'),(250,138,28,0,'2024-04-02 04:32:46','2024-04-02 04:32:46',0,34,'B'),(251,138,82,0,'2024-04-02 04:32:46','2024-04-02 04:32:46',0,34,'B'),(252,138,96,1,'2024-04-02 04:32:46','2024-04-02 04:32:46',0,34,'B'),(253,139,17,0,'2024-04-02 04:32:57','2024-04-02 04:32:57',0,85,'B'),(254,140,13,1,'2024-04-02 04:35:32','2024-04-02 04:35:32',0,87,'A'),(255,140,25,0,'2024-04-02 04:35:32','2024-04-02 04:35:32',0,87,'A'),(256,140,29,0,'2024-04-02 04:35:32','2024-04-02 04:35:32',0,87,'A'),(257,140,80,0,'2024-04-02 04:35:32','2024-04-02 04:35:32',0,87,'A'),(258,140,93,1,'2024-04-02 04:35:32','2024-04-02 04:35:32',0,87,'A'),(259,141,14,1,'2024-04-02 04:37:30','2024-04-02 04:37:30',0,87,'B'),(260,141,23,1,'2024-04-02 04:37:30','2024-04-02 04:37:30',0,87,'B'),(261,141,28,1,'2024-04-02 04:37:30','2024-04-02 04:37:30',0,87,'B'),(262,141,82,1,'2024-04-02 04:37:30','2024-04-02 04:37:30',0,87,'B'),(263,141,93,0,'2024-04-02 04:37:30','2024-04-02 04:37:30',0,87,'B'),(264,142,17,1,'2024-04-02 04:45:52','2024-04-02 04:45:52',0,86,'A'),(265,142,23,1,'2024-04-02 04:45:52','2024-04-02 04:45:52',0,86,'A'),(266,142,28,1,'2024-04-02 04:45:52','2024-04-02 04:45:52',0,86,'A'),(267,142,82,1,'2024-04-02 04:45:52','2024-04-02 04:45:52',0,86,'A'),(268,142,95,1,'2024-04-02 04:45:52','2024-04-02 04:45:52',0,86,'A'),(269,143,17,1,'2024-04-02 04:46:59','2024-04-02 04:46:59',0,86,'B'),(270,143,23,1,'2024-04-02 04:46:59','2024-04-02 04:46:59',0,86,'B'),(271,143,28,0,'2024-04-02 04:46:59','2024-04-02 04:46:59',0,86,'B'),(272,143,79,1,'2024-04-02 04:46:59','2024-04-02 04:46:59',0,86,'B'),(273,143,97,0,'2024-04-02 04:46:59','2024-04-02 04:46:59',0,86,'B'),(274,144,15,0,'2024-04-02 04:48:16','2024-04-02 04:48:16',0,86,'A'),(275,144,27,1,'2024-04-02 04:48:16','2024-04-02 04:48:16',0,86,'A'),(276,144,32,0,'2024-04-02 04:48:16','2024-04-02 04:48:16',0,86,'A'),(277,144,78,0,'2024-04-02 04:48:16','2024-04-02 04:48:16',0,86,'A'),(278,144,94,0,'2024-04-02 04:48:16','2024-04-02 04:48:16',0,86,'A'),(279,145,16,1,'2024-04-02 04:48:25','2024-04-02 04:48:25',0,88,'A'),(280,145,26,1,'2024-04-02 04:48:25','2024-04-02 04:48:25',0,88,'A'),(281,145,30,1,'2024-04-02 04:48:25','2024-04-02 04:48:25',0,88,'A'),(282,145,78,1,'2024-04-02 04:48:25','2024-04-02 04:48:25',0,88,'A'),(283,145,96,1,'2024-04-02 04:48:25','2024-04-02 04:48:25',0,88,'A'),(284,146,17,1,'2024-04-02 04:51:03','2024-04-02 04:51:03',0,88,'B'),(285,146,26,1,'2024-04-02 04:51:03','2024-04-02 04:51:03',0,88,'B'),(286,146,30,0,'2024-04-02 04:51:03','2024-04-02 04:51:03',0,88,'B'),(287,146,81,1,'2024-04-02 04:51:03','2024-04-02 04:51:03',0,88,'B'),(288,146,96,1,'2024-04-02 04:51:03','2024-04-02 04:51:03',0,88,'B'),(289,147,13,1,'2024-04-02 04:55:24','2024-04-02 04:55:24',0,86,'A'),(290,147,24,0,'2024-04-02 04:55:24','2024-04-02 04:55:24',0,86,'A'),(291,147,32,1,'2024-04-02 04:55:24','2024-04-02 04:55:24',0,86,'A'),(292,147,78,1,'2024-04-02 04:55:24','2024-04-02 04:55:24',0,86,'A'),(293,147,95,1,'2024-04-02 04:55:24','2024-04-02 04:55:24',0,86,'A'),(294,149,17,0,'2024-04-02 05:12:00','2024-04-02 05:12:00',0,89,'A'),(295,149,27,1,'2024-04-02 05:12:00','2024-04-02 05:12:00',0,89,'A'),(296,149,31,1,'2024-04-02 05:12:00','2024-04-02 05:12:00',0,89,'A'),(297,149,79,0,'2024-04-02 05:12:00','2024-04-02 05:12:00',0,89,'A'),(298,149,95,0,'2024-04-02 05:12:00','2024-04-02 05:12:00',0,89,'A'),(299,150,15,1,'2024-04-02 05:13:24','2024-04-02 05:13:24',0,89,'B'),(300,150,24,1,'2024-04-02 05:13:24','2024-04-02 05:13:24',0,89,'B'),(301,150,32,0,'2024-04-02 05:13:24','2024-04-02 05:13:24',0,89,'B'),(302,150,81,1,'2024-04-02 05:13:24','2024-04-02 05:13:24',0,89,'B'),(303,150,93,0,'2024-04-02 05:13:24','2024-04-02 05:13:24',0,89,'B'),(304,151,13,1,'2024-04-02 05:20:03','2024-04-02 05:20:03',0,90,'A'),(305,151,27,0,'2024-04-02 05:20:03','2024-04-02 05:20:03',0,90,'A'),(306,151,31,0,'2024-04-02 05:20:03','2024-04-02 05:20:03',0,90,'A'),(307,151,79,0,'2024-04-02 05:20:03','2024-04-02 05:20:03',0,90,'A'),(308,151,94,1,'2024-04-02 05:20:03','2024-04-02 05:20:03',0,90,'A'),(309,152,15,1,'2024-04-02 05:21:39','2024-04-02 05:21:39',0,90,'B'),(310,152,25,1,'2024-04-02 05:21:39','2024-04-02 05:21:39',0,90,'B'),(311,152,32,1,'2024-04-02 05:21:39','2024-04-02 05:21:39',0,90,'B'),(312,152,78,1,'2024-04-02 05:21:39','2024-04-02 05:21:39',0,90,'B'),(313,152,97,1,'2024-04-02 05:21:39','2024-04-02 05:21:39',0,90,'B'),(314,153,1,0,'2024-04-02 05:24:15','2024-04-02 05:24:15',0,85,'B'),(315,153,2,0,'2024-04-02 05:24:15','2024-04-02 05:24:15',0,85,'B'),(316,154,1,0,'2024-04-02 05:25:02','2024-04-02 05:25:02',0,85,'B'),(317,155,16,0,'2024-04-02 05:30:45','2024-04-02 05:30:45',0,85,'B'),(318,156,13,0,'2024-04-02 05:31:26','2024-04-02 05:31:26',0,86,'A'),(319,156,27,1,'2024-04-02 05:31:26','2024-04-02 05:31:26',0,86,'A'),(320,156,29,1,'2024-04-02 05:31:26','2024-04-02 05:31:26',0,86,'A'),(321,156,82,0,'2024-04-02 05:31:26','2024-04-02 05:31:26',0,86,'A'),(322,156,96,1,'2024-04-02 05:31:26','2024-04-02 05:31:26',0,86,'A'),(323,157,11,1,'2024-04-02 05:33:21','2024-04-02 05:33:21',0,86,'B'),(324,157,42,1,'2024-04-02 05:33:21','2024-04-02 05:33:21',0,86,'B'),(325,157,61,1,'2024-04-02 05:33:21','2024-04-02 05:33:21',0,86,'B'),(326,157,67,1,'2024-04-02 05:33:21','2024-04-02 05:33:21',0,86,'B'),(327,157,136,1,'2024-04-02 05:33:21','2024-04-02 05:33:21',0,86,'B'),(328,158,17,0,'2024-04-02 05:36:26','2024-04-02 05:36:26',0,85,'B'),(329,159,15,1,'2024-04-02 05:37:11','2024-04-02 05:37:11',0,93,'A'),(330,159,23,0,'2024-04-02 05:37:11','2024-04-02 05:37:11',0,93,'A'),(331,159,29,0,'2024-04-02 05:37:11','2024-04-02 05:37:11',0,93,'A'),(332,159,81,0,'2024-04-02 05:37:11','2024-04-02 05:37:11',0,93,'A'),(333,159,93,0,'2024-04-02 05:37:11','2024-04-02 05:37:11',0,93,'A'),(334,161,13,1,'2024-04-02 05:39:19','2024-04-02 05:39:19',0,93,'B'),(335,161,26,0,'2024-04-02 05:39:19','2024-04-02 05:39:19',0,93,'B'),(336,161,30,1,'2024-04-02 05:39:19','2024-04-02 05:39:19',0,93,'B'),(337,161,81,1,'2024-04-02 05:39:19','2024-04-02 05:39:19',0,93,'B'),(338,161,95,1,'2024-04-02 05:39:19','2024-04-02 05:39:19',0,93,'B'),(339,162,11,0,'2024-04-02 06:02:19','2024-04-02 06:02:19',0,86,'A'),(340,162,38,1,'2024-04-02 06:02:19','2024-04-02 06:02:19',0,86,'A'),(341,162,58,1,'2024-04-02 06:02:19','2024-04-02 06:02:19',0,86,'A'),(342,162,65,1,'2024-04-02 06:02:19','2024-04-02 06:02:19',0,86,'A'),(343,162,134,0,'2024-04-02 06:02:19','2024-04-02 06:02:19',0,86,'A'),(344,163,37,1,'2024-04-02 06:07:13','2024-04-02 06:07:13',0,86,'B'),(345,163,43,0,'2024-04-02 06:07:13','2024-04-02 06:07:13',0,86,'B'),(346,163,102,1,'2024-04-02 06:07:13','2024-04-02 06:07:13',0,86,'B'),(347,163,117,1,'2024-04-02 06:07:13','2024-04-02 06:07:13',0,86,'B'),(348,163,122,1,'2024-04-02 06:07:13','2024-04-02 06:07:13',0,86,'B'),(349,164,8,0,'2024-04-02 06:11:39','2024-04-02 06:11:39',0,96,'A'),(350,164,40,0,'2024-04-02 06:11:39','2024-04-02 06:11:39',0,96,'A'),(351,164,58,0,'2024-04-02 06:11:39','2024-04-02 06:11:39',0,96,'A'),(352,164,63,1,'2024-04-02 06:11:39','2024-04-02 06:11:39',0,96,'A'),(353,164,134,0,'2024-04-02 06:11:39','2024-04-02 06:11:39',0,96,'A'),(354,165,16,1,'2024-04-02 06:13:18','2024-04-02 06:13:18',0,96,'B'),(355,165,27,0,'2024-04-02 06:13:18','2024-04-02 06:13:18',0,96,'B'),(356,165,28,0,'2024-04-02 06:13:18','2024-04-02 06:13:18',0,96,'B'),(357,165,80,1,'2024-04-02 06:13:18','2024-04-02 06:13:18',0,96,'B'),(358,165,95,1,'2024-04-02 06:13:18','2024-04-02 06:13:18',0,96,'B'),(359,166,9,0,'2024-04-02 06:17:33','2024-04-02 06:17:33',0,96,'A'),(360,166,38,1,'2024-04-02 06:17:33','2024-04-02 06:17:33',0,96,'A'),(361,166,60,1,'2024-04-02 06:17:33','2024-04-02 06:17:33',0,96,'A'),(362,166,67,1,'2024-04-02 06:17:33','2024-04-02 06:17:33',0,96,'A'),(363,166,135,1,'2024-04-02 06:17:33','2024-04-02 06:17:33',0,96,'A'),(364,167,13,1,'2024-04-02 06:28:36','2024-04-02 06:28:36',0,83,'B'),(365,167,27,1,'2024-04-02 06:28:36','2024-04-02 06:28:36',0,83,'B'),(366,167,31,1,'2024-04-02 06:28:36','2024-04-02 06:28:36',0,83,'B'),(367,167,79,1,'2024-04-02 06:28:36','2024-04-02 06:28:36',0,83,'B'),(368,167,97,1,'2024-04-02 06:28:36','2024-04-02 06:28:36',0,83,'B'),(369,169,10,0,'2024-04-02 06:49:12','2024-04-02 06:49:12',0,99,'A'),(370,169,38,0,'2024-04-02 06:49:12','2024-04-02 06:49:12',0,99,'A'),(371,169,60,1,'2024-04-02 06:49:12','2024-04-02 06:49:12',0,99,'A'),(372,169,63,1,'2024-04-02 06:49:12','2024-04-02 06:49:12',0,99,'A'),(373,169,135,0,'2024-04-02 06:49:12','2024-04-02 06:49:12',0,99,'A'),(374,170,3,1,'2024-04-02 06:53:34','2024-04-02 06:53:34',0,99,'A'),(375,170,85,0,'2024-04-02 06:53:34','2024-04-02 06:53:34',0,99,'A'),(376,170,92,0,'2024-04-02 06:53:34','2024-04-02 06:53:34',0,99,'A'),(377,170,107,1,'2024-04-02 06:53:34','2024-04-02 06:53:34',0,99,'A'),(378,170,128,0,'2024-04-02 06:53:34','2024-04-02 06:53:34',0,99,'A'),(379,171,12,1,'2024-04-02 06:58:00','2024-04-02 06:58:00',0,101,'B'),(380,171,40,1,'2024-04-02 06:58:00','2024-04-02 06:58:00',0,101,'B'),(381,171,59,1,'2024-04-02 06:58:00','2024-04-02 06:58:00',0,101,'B'),(382,171,67,1,'2024-04-02 06:58:00','2024-04-02 06:58:00',0,101,'B'),(383,171,133,1,'2024-04-02 06:58:00','2024-04-02 06:58:00',0,101,'B'),(384,172,14,1,'2024-04-02 07:00:22','2024-04-02 07:00:22',0,101,'A'),(385,172,23,1,'2024-04-02 07:00:22','2024-04-02 07:00:22',0,101,'A'),(386,172,32,1,'2024-04-02 07:00:22','2024-04-02 07:00:22',0,101,'A'),(387,172,80,1,'2024-04-02 07:00:22','2024-04-02 07:00:22',0,101,'A'),(388,172,93,0,'2024-04-02 07:00:22','2024-04-02 07:00:22',0,101,'A'),(389,173,17,0,'2024-04-02 07:06:52','2024-04-02 07:06:52',0,102,'A'),(390,173,27,1,'2024-04-02 07:06:52','2024-04-02 07:06:52',0,102,'A'),(391,173,32,0,'2024-04-02 07:06:52','2024-04-02 07:06:52',0,102,'A'),(392,173,81,1,'2024-04-02 07:06:52','2024-04-02 07:06:52',0,102,'A'),(393,173,93,1,'2024-04-02 07:06:52','2024-04-02 07:06:52',0,102,'A'),(394,174,10,0,'2024-04-02 07:08:16','2024-04-02 07:08:16',0,102,'B'),(395,174,38,0,'2024-04-02 07:08:16','2024-04-02 07:08:16',0,102,'B'),(396,174,58,1,'2024-04-02 07:08:16','2024-04-02 07:08:16',0,102,'B'),(397,174,64,1,'2024-04-02 07:08:16','2024-04-02 07:08:16',0,102,'B'),(398,174,134,1,'2024-04-02 07:08:16','2024-04-02 07:08:16',0,102,'B'),(399,179,6,1,'2024-04-02 07:57:50','2024-04-02 07:57:50',0,109,'B'),(400,179,84,1,'2024-04-02 07:57:50','2024-04-02 07:57:50',0,109,'B'),(401,179,90,1,'2024-04-02 07:57:50','2024-04-02 07:57:50',0,109,'B'),(402,179,104,1,'2024-04-02 07:57:50','2024-04-02 07:57:50',0,109,'B'),(403,179,128,0,'2024-04-02 07:57:50','2024-04-02 07:57:50',0,109,'B'),(404,183,1,0,'2024-04-02 12:50:22','2024-04-02 12:50:22',0,85,'B'),(405,184,17,1,'2024-04-02 13:45:16','2024-04-02 13:45:16',0,51,'B'),(406,184,27,1,'2024-04-02 13:45:16','2024-04-02 13:45:16',0,51,'B'),(407,184,29,0,'2024-04-02 13:45:16','2024-04-02 13:45:16',0,51,'B'),(408,184,82,0,'2024-04-02 13:45:16','2024-04-02 13:45:16',0,51,'B'),(409,184,97,0,'2024-04-02 13:45:16','2024-04-02 13:45:16',0,51,'B'),(410,185,17,0,'2024-04-02 13:57:10','2024-04-02 13:57:10',0,83,'B'),(411,185,26,0,'2024-04-02 13:57:10','2024-04-02 13:57:10',0,83,'B'),(412,185,32,0,'2024-04-02 13:57:10','2024-04-02 13:57:10',0,83,'B'),(413,185,82,0,'2024-04-02 13:57:10','2024-04-02 13:57:10',0,83,'B'),(414,185,94,1,'2024-04-02 13:57:10','2024-04-02 13:57:10',0,83,'B'),(415,186,17,0,'2024-04-02 13:57:49','2024-04-02 13:57:49',0,83,'B'),(416,186,26,0,'2024-04-02 13:57:49','2024-04-02 13:57:49',0,83,'B'),(417,186,32,0,'2024-04-02 13:57:49','2024-04-02 13:57:49',0,83,'B'),(418,186,82,0,'2024-04-02 13:57:49','2024-04-02 13:57:49',0,83,'B'),(419,186,94,0,'2024-04-02 13:57:49','2024-04-02 13:57:49',0,83,'B'),(420,187,1,0,'2024-04-02 13:59:26','2024-04-02 13:59:26',0,85,'A'),(421,187,2,0,'2024-04-02 13:59:26','2024-04-02 13:59:26',0,85,'A'),(422,188,16,0,'2024-04-02 14:09:30','2024-04-02 14:09:30',0,51,'A'),(423,188,23,0,'2024-04-02 14:09:30','2024-04-02 14:09:30',0,51,'A'),(424,188,31,0,'2024-04-02 14:09:30','2024-04-02 14:09:30',0,51,'A'),(425,188,80,0,'2024-04-02 14:09:30','2024-04-02 14:09:30',0,51,'A'),(426,188,95,0,'2024-04-02 14:09:30','2024-04-02 14:09:30',0,51,'A'),(427,189,1,0,'2024-04-02 14:13:16','2024-04-02 14:13:16',0,51,'A'),(428,189,2,0,'2024-04-02 14:13:16','2024-04-02 14:13:16',0,51,'A'),(429,190,34,0,'2024-04-02 14:13:55','2024-04-02 14:13:55',0,51,'A'),(430,190,47,0,'2024-04-02 14:13:55','2024-04-02 14:13:55',0,51,'A'),(431,190,100,0,'2024-04-02 14:13:55','2024-04-02 14:13:55',0,51,'A'),(432,190,114,0,'2024-04-02 14:13:55','2024-04-02 14:13:55',0,51,'A'),(433,190,120,0,'2024-04-02 14:13:55','2024-04-02 14:13:55',0,51,'A'),(434,191,13,0,'2024-04-02 14:41:15','2024-04-02 14:41:15',0,83,'B'),(435,191,25,0,'2024-04-02 14:41:15','2024-04-02 14:41:15',0,83,'B'),(436,191,31,0,'2024-04-02 14:41:15','2024-04-02 14:41:15',0,83,'B'),(437,191,78,0,'2024-04-02 14:41:15','2024-04-02 14:41:15',0,83,'B'),(438,191,93,0,'2024-04-02 14:41:15','2024-04-02 14:41:15',0,83,'B'),(439,192,13,1,'2024-04-02 14:47:11','2024-04-02 14:47:11',0,34,'B'),(440,192,26,1,'2024-04-02 14:47:11','2024-04-02 14:47:11',0,34,'B'),(441,192,30,1,'2024-04-02 14:47:11','2024-04-02 14:47:11',0,34,'B'),(442,192,79,1,'2024-04-02 14:47:11','2024-04-02 14:47:11',0,34,'B'),(443,192,93,1,'2024-04-02 14:47:11','2024-04-02 14:47:11',0,34,'B'),(444,193,17,0,'2024-04-02 15:39:22','2024-04-02 15:39:22',0,123,'A'),(445,193,26,0,'2024-04-02 15:39:22','2024-04-02 15:39:22',0,123,'A'),(446,193,32,0,'2024-04-02 15:39:22','2024-04-02 15:39:22',0,123,'A'),(447,193,79,0,'2024-04-02 15:39:22','2024-04-02 15:39:22',0,123,'A'),(448,193,97,0,'2024-04-02 15:39:22','2024-04-02 15:39:22',0,123,'A'),(449,194,14,0,'2024-04-03 00:09:21','2024-04-03 00:09:21',0,37,'A'),(450,194,25,0,'2024-04-03 00:09:21','2024-04-03 00:09:21',0,37,'A'),(451,194,32,0,'2024-04-03 00:09:21','2024-04-03 00:09:21',0,37,'A'),(452,194,81,0,'2024-04-03 00:09:21','2024-04-03 00:09:21',0,37,'A'),(453,194,94,0,'2024-04-03 00:09:21','2024-04-03 00:09:21',0,37,'A'),(454,195,14,1,'2024-04-03 00:11:01','2024-04-03 00:11:01',0,37,'B'),(455,195,25,1,'2024-04-03 00:11:01','2024-04-03 00:11:01',0,37,'B'),(456,195,32,0,'2024-04-03 00:11:01','2024-04-03 00:11:01',0,37,'B'),(457,195,81,1,'2024-04-03 00:11:01','2024-04-03 00:11:01',0,37,'B'),(458,195,94,1,'2024-04-03 00:11:01','2024-04-03 00:11:01',0,37,'B'),(459,196,13,1,'2024-04-03 00:16:16','2024-04-03 00:16:16',0,37,'B'),(460,196,26,1,'2024-04-03 00:16:16','2024-04-03 00:16:16',0,37,'B'),(461,196,28,1,'2024-04-03 00:16:16','2024-04-03 00:16:16',0,37,'B'),(462,196,81,1,'2024-04-03 00:16:16','2024-04-03 00:16:16',0,37,'B'),(463,196,93,1,'2024-04-03 00:16:16','2024-04-03 00:16:16',0,37,'B'),(464,197,13,1,'2024-04-03 00:22:35','2024-04-03 00:22:35',0,37,'B'),(465,197,25,1,'2024-04-03 00:22:35','2024-04-03 00:22:35',0,37,'B'),(466,197,28,1,'2024-04-03 00:22:35','2024-04-03 00:22:35',0,37,'B'),(467,197,80,1,'2024-04-03 00:22:35','2024-04-03 00:22:35',0,37,'B'),(468,197,94,0,'2024-04-03 00:22:35','2024-04-03 00:22:35',0,37,'B'),(469,198,1,0,'2024-04-03 00:23:46','2024-04-03 00:23:46',0,85,'A'),(470,198,2,1,'2024-04-03 00:23:46','2024-04-03 00:23:46',0,85,'A'),(471,199,13,0,'2024-04-03 00:46:20','2024-04-03 00:46:20',0,83,'A'),(472,199,23,0,'2024-04-03 00:46:20','2024-04-03 00:46:20',0,83,'A'),(473,199,29,0,'2024-04-03 00:46:20','2024-04-03 00:46:20',0,83,'A'),(474,199,81,0,'2024-04-03 00:46:20','2024-04-03 00:46:20',0,83,'A'),(475,199,93,0,'2024-04-03 00:46:20','2024-04-03 00:46:20',0,83,'A'),(476,200,17,0,'2024-04-03 00:46:20','2024-04-03 00:46:20',0,107,'A'),(477,200,27,0,'2024-04-03 00:46:20','2024-04-03 00:46:20',0,107,'A'),(478,200,29,0,'2024-04-03 00:46:20','2024-04-03 00:46:20',0,107,'A'),(479,200,78,0,'2024-04-03 00:46:20','2024-04-03 00:46:20',0,107,'A'),(480,200,97,0,'2024-04-03 00:46:21','2024-04-03 00:46:21',0,107,'A'),(481,201,17,0,'2024-04-03 00:47:01','2024-04-03 00:47:01',0,107,'B'),(482,201,27,0,'2024-04-03 00:47:01','2024-04-03 00:47:01',0,107,'B'),(483,201,29,0,'2024-04-03 00:47:01','2024-04-03 00:47:01',0,107,'B'),(484,201,78,0,'2024-04-03 00:47:01','2024-04-03 00:47:01',0,107,'B'),(485,201,97,0,'2024-04-03 00:47:01','2024-04-03 00:47:01',0,107,'B'),(486,202,13,0,'2024-04-03 00:47:01','2024-04-03 00:47:01',0,83,'B'),(487,202,23,0,'2024-04-03 00:47:01','2024-04-03 00:47:01',0,83,'B'),(488,202,29,0,'2024-04-03 00:47:01','2024-04-03 00:47:01',0,83,'B'),(489,202,81,0,'2024-04-03 00:47:01','2024-04-03 00:47:01',0,83,'B'),(490,202,93,0,'2024-04-03 00:47:01','2024-04-03 00:47:01',0,83,'B'),(491,203,1,0,'2024-04-03 02:02:04','2024-04-03 02:02:04',0,128,'A'),(492,203,2,0,'2024-04-03 02:02:04','2024-04-03 02:02:04',0,128,'A'),(493,204,11,0,'2024-04-03 02:06:51','2024-04-03 02:06:51',0,107,'A'),(494,204,42,0,'2024-04-03 02:06:51','2024-04-03 02:06:51',0,107,'A'),(495,204,58,0,'2024-04-03 02:06:51','2024-04-03 02:06:51',0,107,'A'),(496,204,66,0,'2024-04-03 02:06:51','2024-04-03 02:06:51',0,107,'A'),(497,204,137,0,'2024-04-03 02:06:51','2024-04-03 02:06:51',0,107,'A'),(498,205,1,0,'2024-04-03 04:18:49','2024-04-03 04:18:49',0,104,'A'),(499,205,2,0,'2024-04-03 04:18:49','2024-04-03 04:18:49',0,104,'A'),(500,206,1,0,'2024-04-03 05:00:42','2024-04-03 05:00:42',0,85,'A'),(501,206,2,0,'2024-04-03 05:00:42','2024-04-03 05:00:42',0,85,'A'),(502,207,17,0,'2024-04-03 05:03:22','2024-04-03 05:03:22',0,128,'A'),(503,207,26,0,'2024-04-03 05:03:22','2024-04-03 05:03:22',0,128,'A'),(504,207,30,0,'2024-04-03 05:03:22','2024-04-03 05:03:22',0,128,'A'),(505,207,80,1,'2024-04-03 05:03:22','2024-04-03 05:03:22',0,128,'A'),(506,207,93,0,'2024-04-03 05:03:22','2024-04-03 05:03:22',0,128,'A'),(507,208,1,0,'2024-04-03 05:03:26','2024-04-03 05:03:26',0,85,'A'),(508,208,2,0,'2024-04-03 05:03:26','2024-04-03 05:03:26',0,85,'A'),(509,209,15,0,'2024-04-03 05:04:29','2024-04-03 05:04:29',0,128,'B'),(510,209,26,1,'2024-04-03 05:04:29','2024-04-03 05:04:29',0,128,'B'),(511,209,31,1,'2024-04-03 05:04:29','2024-04-03 05:04:29',0,128,'B'),(512,209,82,0,'2024-04-03 05:04:29','2024-04-03 05:04:29',0,128,'B'),(513,209,95,1,'2024-04-03 05:04:29','2024-04-03 05:04:29',0,128,'B'),(514,210,1,0,'2024-04-03 05:29:12','2024-04-03 05:29:12',0,85,'A'),(515,210,2,1,'2024-04-03 05:29:12','2024-04-03 05:29:12',0,85,'A'),(516,211,13,0,'2024-04-03 05:51:36','2024-04-03 05:51:36',0,85,'A'),(517,211,23,0,'2024-04-03 05:51:36','2024-04-03 05:51:36',0,85,'A'),(518,211,32,0,'2024-04-03 05:51:36','2024-04-03 05:51:36',0,85,'A'),(519,211,80,0,'2024-04-03 05:51:36','2024-04-03 05:51:36',0,85,'A'),(520,211,95,1,'2024-04-03 05:51:36','2024-04-03 05:51:36',0,85,'A'),(521,212,1,0,'2024-04-03 05:52:19','2024-04-03 05:52:19',0,85,'A'),(522,212,2,1,'2024-04-03 05:52:19','2024-04-03 05:52:19',0,85,'A'),(523,213,1,0,'2024-04-03 06:28:06','2024-04-03 06:28:06',0,85,'B'),(524,213,2,1,'2024-04-03 06:28:06','2024-04-03 06:28:06',0,85,'B'),(525,214,1,0,'2024-04-03 07:29:46','2024-04-03 07:29:46',0,85,'A'),(526,214,2,0,'2024-04-03 07:29:46','2024-04-03 07:29:46',0,85,'A'),(527,215,15,0,'2024-04-03 07:32:08','2024-04-03 07:32:08',0,85,'A'),(528,215,25,0,'2024-04-03 07:32:08','2024-04-03 07:32:08',0,85,'A'),(529,215,30,0,'2024-04-03 07:32:08','2024-04-03 07:32:08',0,85,'A'),(530,215,78,1,'2024-04-03 07:32:08','2024-04-03 07:32:08',0,85,'A'),(531,215,97,0,'2024-04-03 07:32:08','2024-04-03 07:32:08',0,85,'A'),(532,216,15,0,'2024-04-03 07:34:27','2024-04-03 07:34:27',0,85,'A'),(533,216,25,0,'2024-04-03 07:34:27','2024-04-03 07:34:27',0,85,'A'),(534,216,30,0,'2024-04-03 07:34:27','2024-04-03 07:34:27',0,85,'A'),(535,216,78,1,'2024-04-03 07:34:27','2024-04-03 07:34:27',0,85,'A'),(536,216,97,1,'2024-04-03 07:34:27','2024-04-03 07:34:27',0,85,'A'),(537,217,17,0,'2024-04-03 07:36:07','2024-04-03 07:36:07',0,85,'A'),(538,217,23,0,'2024-04-03 07:36:07','2024-04-03 07:36:07',0,85,'A'),(539,217,29,0,'2024-04-03 07:36:07','2024-04-03 07:36:07',0,85,'A'),(540,217,81,0,'2024-04-03 07:36:07','2024-04-03 07:36:07',0,85,'A'),(541,217,95,1,'2024-04-03 07:36:07','2024-04-03 07:36:07',0,85,'A'),(542,218,1,0,'2024-04-03 07:46:35','2024-04-03 07:46:35',0,85,'A'),(543,218,2,0,'2024-04-03 07:46:36','2024-04-03 07:46:36',0,85,'A');
/*!40000 ALTER TABLE `question_history` ENABLE KEYS */;
UNLOCK TABLES;

--
-- Table structure for table `role`
--

DROP TABLE IF EXISTS `role`;
/*!40101 SET @saved_cs_client     = @@character_set_client */;
/*!50503 SET character_set_client = utf8mb4 */;
CREATE TABLE `role` (
  `id` int NOT NULL AUTO_INCREMENT,
  `name` varchar(255) NOT NULL,
  PRIMARY KEY (`id`)
) ENGINE=InnoDB DEFAULT CHARSET=utf8mb4 COLLATE=utf8mb4_0900_ai_ci;
/*!40101 SET character_set_client = @saved_cs_client */;

--
-- Dumping data for table `role`
--

LOCK TABLES `role` WRITE;
/*!40000 ALTER TABLE `role` DISABLE KEYS */;
/*!40000 ALTER TABLE `role` ENABLE KEYS */;
UNLOCK TABLES;
/*!40103 SET TIME_ZONE=@OLD_TIME_ZONE */;

/*!40101 SET SQL_MODE=@OLD_SQL_MODE */;
/*!40014 SET FOREIGN_KEY_CHECKS=@OLD_FOREIGN_KEY_CHECKS */;
/*!40014 SET UNIQUE_CHECKS=@OLD_UNIQUE_CHECKS */;
/*!40101 SET CHARACTER_SET_CLIENT=@OLD_CHARACTER_SET_CLIENT */;
/*!40101 SET CHARACTER_SET_RESULTS=@OLD_CHARACTER_SET_RESULTS */;
/*!40101 SET COLLATION_CONNECTION=@OLD_COLLATION_CONNECTION */;
/*!40111 SET SQL_NOTES=@OLD_SQL_NOTES */;

-- Dump completed on 2024-04-03 17:28:05
